x-axis,1
second,Volt
-1.000000E+00,+100.503E-03
-999.000E-03,+241.206E-03
-998.000E-03,+241.206E-03
-997.000E-03,-5.025E-03
-996.000E-03,-40.201E-03
-995.000E-03,-80.402E-03
-994.000E-03,-291.457E-03
-993.000E-03,-256.281E-03
-992.000E-03,-20.101E-03
-991.000E-03,+221.106E-03
-990.000E-03,+241.206E-03
-989.000E-03,+60.302E-03
-988.000E-03,+40.201E-03
-987.000E-03,-20.101E-03
-986.000E-03,-190.955E-03
-985.000E-03,-336.683E-03
-984.000E-03,-100.503E-03
-983.000E-03,+170.854E-03
-982.000E-03,+241.206E-03
-981.000E-03,+80.402E-03
-980.000E-03,-60.302E-03
-979.000E-03,-40.201E-03
-978.000E-03,-110.553E-03
-977.000E-03,-286.432E-03
-976.000E-03,-120.603E-03
-975.000E-03,+85.427E-03
-974.000E-03,+221.106E-03
-973.000E-03,+201.005E-03
-972.000E-03,-40.201E-03
-971.000E-03,-50.251E-03
-970.000E-03,-70.352E-03
-969.000E-03,-256.281E-03
-968.000E-03,-241.206E-03
-967.000E-03,+45.226E-03
-966.000E-03,+241.206E-03
-965.000E-03,+246.231E-03
-964.000E-03,+20.101E-03
-963.000E-03,-35.176E-03
-962.000E-03,-80.402E-03
-961.000E-03,-201.005E-03
-960.000E-03,-321.608E-03
-959.000E-03,-110.553E-03
-958.000E-03,+180.905E-03
-957.000E-03,+311.558E-03
-956.000E-03,+100.503E-03
-955.000E-03,-50.251E-03
-954.000E-03,-50.251E-03
-953.000E-03,-130.653E-03
-952.000E-03,-321.608E-03
-951.000E-03,-155.779E-03
-950.000E-03,+140.704E-03
-949.000E-03,+266.332E-03
-948.000E-03,+261.307E-03
-947.000E-03,+15.075E-03
-946.000E-03,+0.0E+00
-945.000E-03,-115.578E-03
-944.000E-03,-301.508E-03
-943.000E-03,-276.382E-03
-942.000E-03,+0.0E+00
-941.000E-03,+206.030E-03
-940.000E-03,+241.206E-03
-939.000E-03,+45.226E-03
-938.000E-03,+20.101E-03
-937.000E-03,-15.075E-03
-936.000E-03,-201.005E-03
-935.000E-03,-346.734E-03
-934.000E-03,-120.603E-03
-933.000E-03,+155.779E-03
-932.000E-03,+221.106E-03
-931.000E-03,+90.452E-03
-930.000E-03,-60.302E-03
-929.000E-03,-20.101E-03
-928.000E-03,-100.503E-03
-927.000E-03,-296.482E-03
-926.000E-03,-160.804E-03
-925.000E-03,+130.653E-03
-924.000E-03,+281.407E-03
-923.000E-03,+216.080E-03
-922.000E-03,-40.201E-03
-921.000E-03,-15.075E-03
-920.000E-03,-60.302E-03
-919.000E-03,-266.332E-03
-918.000E-03,-211.055E-03
-917.000E-03,+35.176E-03
-916.000E-03,+241.206E-03
-915.000E-03,+221.106E-03
-914.000E-03,+30.151E-03
-913.000E-03,-15.075E-03
-912.000E-03,-60.302E-03
-911.000E-03,-236.181E-03
-910.000E-03,-321.608E-03
-909.000E-03,-100.503E-03
-908.000E-03,+201.005E-03
-907.000E-03,+256.281E-03
-906.000E-03,+80.402E-03
-905.000E-03,-65.327E-03
-904.000E-03,-20.101E-03
-903.000E-03,-140.704E-03
-902.000E-03,-321.608E-03
-901.000E-03,-170.854E-03
-900.000E-03,+120.603E-03
-899.000E-03,+276.382E-03
-898.000E-03,+211.055E-03
-897.000E-03,+5.025E-03
-896.000E-03,-0.0E+00
-895.000E-03,-90.452E-03
-894.000E-03,-291.457E-03
-893.000E-03,-271.357E-03
-892.000E-03,+0.0E+00
-891.000E-03,+206.030E-03
-890.000E-03,+211.055E-03
-889.000E-03,+40.201E-03
-888.000E-03,+40.201E-03
-887.000E-03,-20.101E-03
-886.000E-03,-201.005E-03
-885.000E-03,-326.633E-03
-884.000E-03,-140.704E-03
-883.000E-03,+160.804E-03
-882.000E-03,+221.106E-03
-881.000E-03,+105.528E-03
-880.000E-03,-20.101E-03
-879.000E-03,-20.101E-03
-878.000E-03,-110.553E-03
-877.000E-03,-286.432E-03
-876.000E-03,-180.905E-03
-875.000E-03,+125.628E-03
-874.000E-03,+231.156E-03
-873.000E-03,+206.030E-03
-872.000E-03,-40.201E-03
-871.000E-03,-60.302E-03
-870.000E-03,-80.402E-03
-869.000E-03,-251.256E-03
-868.000E-03,-201.005E-03
-867.000E-03,+55.276E-03
-866.000E-03,+211.055E-03
-865.000E-03,+241.206E-03
-864.000E-03,+20.101E-03
-863.000E-03,-15.075E-03
-862.000E-03,-80.402E-03
-861.000E-03,-201.005E-03
-860.000E-03,-321.608E-03
-859.000E-03,-115.578E-03
-858.000E-03,+211.055E-03
-857.000E-03,+276.382E-03
-856.000E-03,+80.402E-03
-855.000E-03,-55.276E-03
-854.000E-03,-40.201E-03
-853.000E-03,-120.603E-03
-852.000E-03,-301.508E-03
-851.000E-03,-140.704E-03
-850.000E-03,+130.653E-03
-849.000E-03,+246.231E-03
-848.000E-03,+261.307E-03
-847.000E-03,-5.025E-03
-846.000E-03,-10.050E-03
-845.000E-03,-80.402E-03
-844.000E-03,-301.508E-03
-843.000E-03,-271.357E-03
-842.000E-03,+20.101E-03
-841.000E-03,+206.030E-03
-840.000E-03,+241.206E-03
-839.000E-03,+20.101E-03
-838.000E-03,+20.101E-03
-837.000E-03,-25.126E-03
-836.000E-03,-201.005E-03
-835.000E-03,-336.683E-03
-834.000E-03,-90.452E-03
-833.000E-03,+175.879E-03
-832.000E-03,+241.206E-03
-831.000E-03,+80.402E-03
-830.000E-03,-70.352E-03
-829.000E-03,-40.201E-03
-828.000E-03,-100.503E-03
-827.000E-03,-286.432E-03
-826.000E-03,-160.804E-03
-825.000E-03,+105.528E-03
-824.000E-03,+241.206E-03
-823.000E-03,+180.905E-03
-822.000E-03,-60.302E-03
-821.000E-03,-35.176E-03
-820.000E-03,-60.302E-03
-819.000E-03,-271.357E-03
-818.000E-03,-221.106E-03
-817.000E-03,+55.276E-03
-816.000E-03,+221.106E-03
-815.000E-03,+185.930E-03
-814.000E-03,+10.050E-03
-813.000E-03,-20.101E-03
-812.000E-03,-60.302E-03
-811.000E-03,-221.106E-03
-810.000E-03,-321.608E-03
-809.000E-03,-120.603E-03
-808.000E-03,+180.905E-03
-807.000E-03,+246.231E-03
-806.000E-03,+100.503E-03
-805.000E-03,-30.151E-03
-804.000E-03,-60.302E-03
-803.000E-03,-125.628E-03
-802.000E-03,-331.658E-03
-801.000E-03,-140.704E-03
-800.000E-03,+100.503E-03
-799.000E-03,+266.332E-03
-798.000E-03,+251.256E-03
-797.000E-03,+35.176E-03
-796.000E-03,-0.0E+00
-795.000E-03,-60.302E-03
-794.000E-03,-291.457E-03
-793.000E-03,-271.357E-03
-792.000E-03,+20.101E-03
-791.000E-03,+206.030E-03
-790.000E-03,+251.256E-03
-789.000E-03,+25.126E-03
-788.000E-03,+0.0E+00
-787.000E-03,-25.126E-03
-786.000E-03,-190.955E-03
-785.000E-03,-326.633E-03
-784.000E-03,-100.503E-03
-783.000E-03,+145.729E-03
-782.000E-03,+211.055E-03
-781.000E-03,+85.427E-03
-780.000E-03,-60.302E-03
-779.000E-03,-25.126E-03
-778.000E-03,-110.553E-03
-777.000E-03,-296.482E-03
-776.000E-03,-140.704E-03
-775.000E-03,+110.553E-03
-774.000E-03,+221.106E-03
-773.000E-03,+201.005E-03
-772.000E-03,-40.201E-03
-771.000E-03,-40.201E-03
-770.000E-03,-80.402E-03
-769.000E-03,-241.206E-03
-768.000E-03,-221.106E-03
-767.000E-03,+65.327E-03
-766.000E-03,+241.206E-03
-765.000E-03,+256.281E-03
-764.000E-03,+20.101E-03
-763.000E-03,-30.151E-03
-762.000E-03,-70.352E-03
-761.000E-03,-241.206E-03
-760.000E-03,-321.608E-03
-759.000E-03,-110.553E-03
-758.000E-03,+190.955E-03
-757.000E-03,+266.332E-03
-756.000E-03,+80.402E-03
-755.000E-03,-50.251E-03
-754.000E-03,-60.302E-03
-753.000E-03,-125.628E-03
-752.000E-03,-361.809E-03
-751.000E-03,-145.729E-03
-750.000E-03,+120.603E-03
-749.000E-03,+271.357E-03
-748.000E-03,+241.206E-03
-747.000E-03,-5.025E-03
-746.000E-03,-20.101E-03
-745.000E-03,-75.377E-03
-744.000E-03,-281.407E-03
-743.000E-03,-276.382E-03
-742.000E-03,+20.101E-03
-741.000E-03,+195.980E-03
-740.000E-03,+221.106E-03
-739.000E-03,+50.251E-03
-738.000E-03,+20.101E-03
-737.000E-03,-20.101E-03
-736.000E-03,-201.005E-03
-735.000E-03,-366.834E-03
-734.000E-03,-130.653E-03
-733.000E-03,+160.804E-03
-732.000E-03,+241.206E-03
-731.000E-03,+95.477E-03
-730.000E-03,-50.251E-03
-729.000E-03,-35.176E-03
-728.000E-03,-100.503E-03
-727.000E-03,-311.558E-03
-726.000E-03,-170.854E-03
-725.000E-03,+115.578E-03
-724.000E-03,+201.005E-03
-723.000E-03,+180.905E-03
-722.000E-03,-40.201E-03
-721.000E-03,-20.101E-03
-720.000E-03,-60.302E-03
-719.000E-03,-251.256E-03
-718.000E-03,-190.955E-03
-717.000E-03,+55.276E-03
-716.000E-03,+221.106E-03
-715.000E-03,+261.307E-03
-714.000E-03,+0.0E+00
-713.000E-03,-15.075E-03
-712.000E-03,-80.402E-03
-711.000E-03,-216.080E-03
-710.000E-03,-331.658E-03
-709.000E-03,-115.578E-03
-708.000E-03,+180.905E-03
-707.000E-03,+276.382E-03
-706.000E-03,+110.553E-03
-705.000E-03,-10.050E-03
-704.000E-03,-40.201E-03
-703.000E-03,-105.528E-03
-702.000E-03,-331.658E-03
-701.000E-03,-135.678E-03
-700.000E-03,+140.704E-03
-699.000E-03,+281.407E-03
-698.000E-03,+261.307E-03
-697.000E-03,+15.075E-03
-696.000E-03,-20.101E-03
-695.000E-03,-100.503E-03
-694.000E-03,-301.508E-03
-693.000E-03,-271.357E-03
-692.000E-03,+0.0E+00
-691.000E-03,+206.030E-03
-690.000E-03,+251.256E-03
-689.000E-03,+45.226E-03
-688.000E-03,+20.101E-03
-687.000E-03,-30.151E-03
-686.000E-03,-201.005E-03
-685.000E-03,-336.683E-03
-684.000E-03,-120.603E-03
-683.000E-03,+195.980E-03
-682.000E-03,+241.206E-03
-681.000E-03,+120.603E-03
-680.000E-03,-60.302E-03
-679.000E-03,-15.075E-03
-678.000E-03,-110.553E-03
-677.000E-03,-286.432E-03
-676.000E-03,-120.603E-03
-675.000E-03,+140.704E-03
-674.000E-03,+211.055E-03
-673.000E-03,+190.955E-03
-672.000E-03,-20.101E-03
-671.000E-03,-5.025E-03
-670.000E-03,-70.352E-03
-669.000E-03,-266.332E-03
-668.000E-03,-221.106E-03
-667.000E-03,+40.201E-03
-666.000E-03,+231.156E-03
-665.000E-03,+241.206E-03
-664.000E-03,+40.201E-03
-663.000E-03,-25.126E-03
-662.000E-03,-90.452E-03
-661.000E-03,-211.055E-03
-660.000E-03,-361.809E-03
-659.000E-03,-115.578E-03
-658.000E-03,+201.005E-03
-657.000E-03,+291.457E-03
-656.000E-03,+100.503E-03
-655.000E-03,-55.276E-03
-654.000E-03,-60.302E-03
-653.000E-03,-125.628E-03
-652.000E-03,-341.709E-03
-651.000E-03,-125.628E-03
-650.000E-03,+110.553E-03
-649.000E-03,+261.307E-03
-648.000E-03,+241.206E-03
-647.000E-03,+5.025E-03
-646.000E-03,-40.201E-03
-645.000E-03,-80.402E-03
-644.000E-03,-281.407E-03
-643.000E-03,-256.281E-03
-642.000E-03,+10.050E-03
-641.000E-03,+211.055E-03
-640.000E-03,+221.106E-03
-639.000E-03,+55.276E-03
-638.000E-03,+30.151E-03
-637.000E-03,-25.126E-03
-636.000E-03,-241.206E-03
-635.000E-03,-341.709E-03
-634.000E-03,-110.553E-03
-633.000E-03,+155.779E-03
-632.000E-03,+241.206E-03
-631.000E-03,+95.477E-03
-630.000E-03,-50.251E-03
-629.000E-03,-55.276E-03
-628.000E-03,-120.603E-03
-627.000E-03,-286.432E-03
-626.000E-03,-160.804E-03
-625.000E-03,+110.553E-03
-624.000E-03,+201.005E-03
-623.000E-03,+180.905E-03
-622.000E-03,-50.251E-03
-621.000E-03,-35.176E-03
-620.000E-03,-80.402E-03
-619.000E-03,-276.382E-03
-618.000E-03,-201.005E-03
-617.000E-03,+70.352E-03
-616.000E-03,+241.206E-03
-615.000E-03,+241.206E-03
-614.000E-03,-0.0E+00
-613.000E-03,+0.0E+00
-612.000E-03,-60.302E-03
-611.000E-03,-226.131E-03
-610.000E-03,-331.658E-03
-609.000E-03,-85.427E-03
-608.000E-03,+180.905E-03
-607.000E-03,+276.382E-03
-606.000E-03,+110.553E-03
-605.000E-03,-35.176E-03
-604.000E-03,-60.302E-03
-603.000E-03,-140.704E-03
-602.000E-03,-331.658E-03
-601.000E-03,-155.779E-03
-600.000E-03,+120.603E-03
-599.000E-03,+266.332E-03
-598.000E-03,+241.206E-03
-597.000E-03,+20.101E-03
-596.000E-03,-0.0E+00
-595.000E-03,-80.402E-03
-594.000E-03,-291.457E-03
-593.000E-03,-291.457E-03
-592.000E-03,+0.0E+00
-591.000E-03,+231.156E-03
-590.000E-03,+281.407E-03
-589.000E-03,+35.176E-03
-588.000E-03,+40.201E-03
-587.000E-03,+5.025E-03
-586.000E-03,-170.854E-03
-585.000E-03,-356.784E-03
-584.000E-03,-100.503E-03
-583.000E-03,+145.729E-03
-582.000E-03,+241.206E-03
-581.000E-03,+70.352E-03
-580.000E-03,-60.302E-03
-579.000E-03,+0.0E+00
-578.000E-03,-100.503E-03
-577.000E-03,-321.608E-03
-576.000E-03,-160.804E-03
-575.000E-03,+95.477E-03
-574.000E-03,+221.106E-03
-573.000E-03,+180.905E-03
-572.000E-03,-40.201E-03
-571.000E-03,-35.176E-03
-570.000E-03,-70.352E-03
-569.000E-03,-261.307E-03
-568.000E-03,-241.206E-03
-567.000E-03,+40.201E-03
-566.000E-03,+231.156E-03
-565.000E-03,+241.206E-03
-564.000E-03,+0.0E+00
-563.000E-03,-10.050E-03
-562.000E-03,-60.302E-03
-561.000E-03,-231.156E-03
-560.000E-03,-341.709E-03
-559.000E-03,-110.553E-03
-558.000E-03,+201.005E-03
-557.000E-03,+286.432E-03
-556.000E-03,+80.402E-03
-555.000E-03,-45.226E-03
-554.000E-03,-60.302E-03
-553.000E-03,-140.704E-03
-552.000E-03,-361.809E-03
-551.000E-03,-140.704E-03
-550.000E-03,+130.653E-03
-549.000E-03,+271.357E-03
-548.000E-03,+221.106E-03
-547.000E-03,-25.126E-03
-546.000E-03,-20.101E-03
-545.000E-03,-115.578E-03
-544.000E-03,-281.407E-03
-543.000E-03,-256.281E-03
-542.000E-03,+30.151E-03
-541.000E-03,+216.080E-03
-540.000E-03,+261.307E-03
-539.000E-03,+35.176E-03
-538.000E-03,+20.101E-03
-537.000E-03,-50.251E-03
-536.000E-03,-201.005E-03
-535.000E-03,-356.784E-03
-534.000E-03,-90.452E-03
-533.000E-03,+175.879E-03
-532.000E-03,+201.005E-03
-531.000E-03,+85.427E-03
-530.000E-03,-50.251E-03
-529.000E-03,-45.226E-03
-528.000E-03,-140.704E-03
-527.000E-03,-281.407E-03
-526.000E-03,-150.754E-03
-525.000E-03,+100.503E-03
-524.000E-03,+261.307E-03
-523.000E-03,+175.879E-03
-522.000E-03,-40.201E-03
-521.000E-03,-30.151E-03
-520.000E-03,-60.302E-03
-519.000E-03,-261.307E-03
-518.000E-03,-211.055E-03
-517.000E-03,+55.276E-03
-516.000E-03,+241.206E-03
-515.000E-03,+236.181E-03
-514.000E-03,+10.050E-03
-513.000E-03,-35.176E-03
-512.000E-03,-40.201E-03
-511.000E-03,-226.131E-03
-510.000E-03,-341.709E-03
-509.000E-03,-90.452E-03
-508.000E-03,+221.106E-03
-507.000E-03,+266.332E-03
-506.000E-03,+90.452E-03
-505.000E-03,-55.276E-03
-504.000E-03,-40.201E-03
-503.000E-03,-120.603E-03
-502.000E-03,-321.608E-03
-501.000E-03,-155.779E-03
-500.000E-03,+120.603E-03
-499.000E-03,+266.332E-03
-498.000E-03,+221.106E-03
-497.000E-03,+10.050E-03
-496.000E-03,-60.302E-03
-495.000E-03,-80.402E-03
-494.000E-03,-291.457E-03
-493.000E-03,-281.407E-03
-492.000E-03,+40.201E-03
-491.000E-03,+201.005E-03
-490.000E-03,+251.256E-03
-489.000E-03,+40.201E-03
-488.000E-03,+0.0E+00
-487.000E-03,-55.276E-03
-486.000E-03,-211.055E-03
-485.000E-03,-331.658E-03
-484.000E-03,-100.503E-03
-483.000E-03,+175.879E-03
-482.000E-03,+221.106E-03
-481.000E-03,+105.528E-03
-480.000E-03,-40.201E-03
-479.000E-03,-40.201E-03
-478.000E-03,-110.553E-03
-477.000E-03,-306.533E-03
-476.000E-03,-160.804E-03
-475.000E-03,+100.503E-03
-474.000E-03,+261.307E-03
-473.000E-03,+201.005E-03
-472.000E-03,-20.101E-03
-471.000E-03,-5.025E-03
-470.000E-03,-60.302E-03
-469.000E-03,-271.357E-03
-468.000E-03,-221.106E-03
-467.000E-03,+30.151E-03
-466.000E-03,+221.106E-03
-465.000E-03,+226.131E-03
-464.000E-03,+40.201E-03
-463.000E-03,-15.075E-03
-462.000E-03,-80.402E-03
-461.000E-03,-231.156E-03
-460.000E-03,-361.809E-03
-459.000E-03,-125.628E-03
-458.000E-03,+201.005E-03
-457.000E-03,+261.307E-03
-456.000E-03,+80.402E-03
-455.000E-03,-55.276E-03
-454.000E-03,-60.302E-03
-453.000E-03,-105.528E-03
-452.000E-03,-341.709E-03
-451.000E-03,-135.678E-03
-450.000E-03,+130.653E-03
-449.000E-03,+271.357E-03
-448.000E-03,+241.206E-03
-447.000E-03,-15.075E-03
-446.000E-03,-20.101E-03
-445.000E-03,-110.553E-03
-444.000E-03,-281.407E-03
-443.000E-03,-251.256E-03
-442.000E-03,+20.101E-03
-441.000E-03,+190.955E-03
-440.000E-03,+221.106E-03
-439.000E-03,+35.176E-03
-438.000E-03,+0.0E+00
-437.000E-03,-45.226E-03
-436.000E-03,-180.905E-03
-435.000E-03,-346.734E-03
-434.000E-03,-120.603E-03
-433.000E-03,+175.879E-03
-432.000E-03,+241.206E-03
-431.000E-03,+80.402E-03
-430.000E-03,-40.201E-03
-429.000E-03,-15.075E-03
-428.000E-03,-120.603E-03
-427.000E-03,-286.432E-03
-426.000E-03,-170.854E-03
-425.000E-03,+135.678E-03
-424.000E-03,+261.307E-03
-423.000E-03,+216.080E-03
-422.000E-03,-40.201E-03
-421.000E-03,-40.201E-03
-420.000E-03,-80.402E-03
-419.000E-03,-261.307E-03
-418.000E-03,-190.955E-03
-417.000E-03,+55.276E-03
-416.000E-03,+221.106E-03
-415.000E-03,+256.281E-03
-414.000E-03,+10.050E-03
-413.000E-03,-35.176E-03
-412.000E-03,-40.201E-03
-411.000E-03,-251.256E-03
-410.000E-03,-341.709E-03
-409.000E-03,-100.503E-03
-408.000E-03,+180.905E-03
-407.000E-03,+241.206E-03
-406.000E-03,+80.402E-03
-405.000E-03,-50.251E-03
-404.000E-03,-20.101E-03
-403.000E-03,-115.578E-03
-402.000E-03,-341.709E-03
-401.000E-03,-145.729E-03
-400.000E-03,+140.704E-03
-399.000E-03,+276.382E-03
-398.000E-03,+231.156E-03
-397.000E-03,+10.050E-03
-396.000E-03,-0.0E+00
-395.000E-03,-95.477E-03
-394.000E-03,-281.407E-03
-393.000E-03,-281.407E-03
-392.000E-03,+0.0E+00
-391.000E-03,+206.030E-03
-390.000E-03,+231.156E-03
-389.000E-03,+40.201E-03
-388.000E-03,+40.201E-03
-387.000E-03,-30.151E-03
-386.000E-03,-221.106E-03
-385.000E-03,-356.784E-03
-384.000E-03,-120.603E-03
-383.000E-03,+165.829E-03
-382.000E-03,+241.206E-03
-381.000E-03,+100.503E-03
-380.000E-03,-60.302E-03
-379.000E-03,-40.201E-03
-378.000E-03,-110.553E-03
-377.000E-03,-311.558E-03
-376.000E-03,-180.905E-03
-375.000E-03,+125.628E-03
-374.000E-03,+221.106E-03
-373.000E-03,+190.955E-03
-372.000E-03,-40.201E-03
-371.000E-03,-55.276E-03
-370.000E-03,-70.352E-03
-369.000E-03,-251.256E-03
-368.000E-03,-180.905E-03
-367.000E-03,+45.226E-03
-366.000E-03,+261.307E-03
-365.000E-03,+276.382E-03
-364.000E-03,+40.201E-03
-363.000E-03,-20.101E-03
-362.000E-03,-50.251E-03
-361.000E-03,-206.030E-03
-360.000E-03,-341.709E-03
-359.000E-03,-95.477E-03
-358.000E-03,+190.955E-03
-357.000E-03,+266.332E-03
-356.000E-03,+100.503E-03
-355.000E-03,-35.176E-03
-354.000E-03,-50.251E-03
-353.000E-03,-120.603E-03
-352.000E-03,-341.709E-03
-351.000E-03,-125.628E-03
-350.000E-03,+130.653E-03
-349.000E-03,+246.231E-03
-348.000E-03,+261.307E-03
-347.000E-03,+5.025E-03
-346.000E-03,-10.050E-03
-345.000E-03,-85.427E-03
-344.000E-03,-301.508E-03
-343.000E-03,-271.357E-03
-342.000E-03,+10.050E-03
-341.000E-03,+206.030E-03
-340.000E-03,+261.307E-03
-339.000E-03,+5.025E-03
-338.000E-03,+0.0E+00
-337.000E-03,-35.176E-03
-336.000E-03,-180.905E-03
-335.000E-03,-326.633E-03
-334.000E-03,-100.503E-03
-333.000E-03,+160.804E-03
-332.000E-03,+221.106E-03
-331.000E-03,+95.477E-03
-330.000E-03,-20.101E-03
-329.000E-03,-10.050E-03
-328.000E-03,-80.402E-03
-327.000E-03,-321.608E-03
-326.000E-03,-150.754E-03
-325.000E-03,+115.578E-03
-324.000E-03,+180.905E-03
-323.000E-03,+201.005E-03
-322.000E-03,+0.0E+00
-321.000E-03,-5.025E-03
-320.000E-03,-60.302E-03
-319.000E-03,-271.357E-03
-318.000E-03,-201.005E-03
-317.000E-03,+60.302E-03
-316.000E-03,+241.206E-03
-315.000E-03,+251.256E-03
-314.000E-03,+0.0E+00
-313.000E-03,-10.050E-03
-312.000E-03,-80.402E-03
-311.000E-03,-226.131E-03
-310.000E-03,-321.608E-03
-309.000E-03,-120.603E-03
-308.000E-03,+180.905E-03
-307.000E-03,+256.281E-03
-306.000E-03,+80.402E-03
-305.000E-03,-40.201E-03
-304.000E-03,-40.201E-03
-303.000E-03,-150.754E-03
-302.000E-03,-321.608E-03
-301.000E-03,-125.628E-03
-300.000E-03,+120.603E-03
-299.000E-03,+246.231E-03
-298.000E-03,+251.256E-03
-297.000E-03,+5.025E-03
-296.000E-03,-20.101E-03
-295.000E-03,-80.402E-03
-294.000E-03,-291.457E-03
-293.000E-03,-271.357E-03
-292.000E-03,+20.101E-03
-291.000E-03,+201.005E-03
-290.000E-03,+231.156E-03
-289.000E-03,+25.126E-03
-288.000E-03,+20.101E-03
-287.000E-03,-40.201E-03
-286.000E-03,-190.955E-03
-285.000E-03,-316.583E-03
-284.000E-03,-100.503E-03
-283.000E-03,+165.829E-03
-282.000E-03,+231.156E-03
-281.000E-03,+85.427E-03
-280.000E-03,-60.302E-03
-279.000E-03,-20.101E-03
-278.000E-03,-90.452E-03
-277.000E-03,-301.508E-03
-276.000E-03,-160.804E-03
-275.000E-03,+100.503E-03
-274.000E-03,+221.106E-03
-273.000E-03,+236.181E-03
-272.000E-03,-40.201E-03
-271.000E-03,+0.0E+00
-270.000E-03,-50.251E-03
-269.000E-03,-246.231E-03
-268.000E-03,-221.106E-03
-267.000E-03,+60.302E-03
-266.000E-03,+241.206E-03
-265.000E-03,+261.307E-03
-264.000E-03,-40.201E-03
-263.000E-03,-20.101E-03
-262.000E-03,-70.352E-03
-261.000E-03,-236.181E-03
-260.000E-03,-301.508E-03
-259.000E-03,-135.678E-03
-258.000E-03,+170.854E-03
-257.000E-03,+256.281E-03
-256.000E-03,+80.402E-03
-255.000E-03,-50.251E-03
-254.000E-03,-40.201E-03
-253.000E-03,-115.578E-03
-252.000E-03,-361.809E-03
-251.000E-03,-145.729E-03
-250.000E-03,+110.553E-03
-249.000E-03,+241.206E-03
-248.000E-03,+241.206E-03
-247.000E-03,-10.050E-03
-246.000E-03,-20.101E-03
-245.000E-03,-95.477E-03
-244.000E-03,-281.407E-03
-243.000E-03,-251.256E-03
-242.000E-03,+20.101E-03
-241.000E-03,+216.080E-03
-240.000E-03,+241.206E-03
-239.000E-03,+55.276E-03
-238.000E-03,+40.201E-03
-237.000E-03,-20.101E-03
-236.000E-03,-180.905E-03
-235.000E-03,-356.784E-03
-234.000E-03,-130.653E-03
-233.000E-03,+150.754E-03
-232.000E-03,+241.206E-03
-231.000E-03,+95.477E-03
-230.000E-03,-40.201E-03
-229.000E-03,-35.176E-03
-228.000E-03,-120.603E-03
-227.000E-03,-316.583E-03
-226.000E-03,-140.704E-03
-225.000E-03,+105.528E-03
-224.000E-03,+221.106E-03
-223.000E-03,+211.055E-03
-222.000E-03,-10.050E-03
-221.000E-03,-40.201E-03
-220.000E-03,-60.302E-03
-219.000E-03,-241.206E-03
-218.000E-03,-211.055E-03
-217.000E-03,+65.327E-03
-216.000E-03,+221.106E-03
-215.000E-03,+231.156E-03
-214.000E-03,+10.050E-03
-213.000E-03,-15.075E-03
-212.000E-03,-60.302E-03
-211.000E-03,-216.080E-03
-210.000E-03,-301.508E-03
-209.000E-03,-75.377E-03
-208.000E-03,+201.005E-03
-207.000E-03,+296.482E-03
-206.000E-03,+90.452E-03
-205.000E-03,-75.377E-03
-204.000E-03,-40.201E-03
-203.000E-03,-105.528E-03
-202.000E-03,-311.558E-03
-201.000E-03,-105.528E-03
-200.000E-03,+120.603E-03
-199.000E-03,+291.457E-03
-198.000E-03,+241.206E-03
-197.000E-03,+15.075E-03
-196.000E-03,+0.0E+00
-195.000E-03,-80.402E-03
-194.000E-03,-291.457E-03
-193.000E-03,-301.508E-03
-192.000E-03,-20.101E-03
-191.000E-03,+221.106E-03
-190.000E-03,+241.206E-03
-189.000E-03,+40.201E-03
-188.000E-03,+40.201E-03
-187.000E-03,-50.251E-03
-186.000E-03,-201.005E-03
-185.000E-03,-316.583E-03
-184.000E-03,-120.603E-03
-183.000E-03,+175.879E-03
-182.000E-03,+231.156E-03
-181.000E-03,+95.477E-03
-180.000E-03,-60.302E-03
-179.000E-03,-40.201E-03
-178.000E-03,-120.603E-03
-177.000E-03,-286.432E-03
-176.000E-03,-160.804E-03
-175.000E-03,+85.427E-03
-174.000E-03,+231.156E-03
-173.000E-03,+211.055E-03
-172.000E-03,-40.201E-03
-171.000E-03,-20.101E-03
-170.000E-03,-60.302E-03
-169.000E-03,-261.307E-03
-168.000E-03,-201.005E-03
-167.000E-03,+65.327E-03
-166.000E-03,+211.055E-03
-165.000E-03,+241.206E-03
-164.000E-03,-20.101E-03
-163.000E-03,-25.126E-03
-162.000E-03,-90.452E-03
-161.000E-03,-211.055E-03
-160.000E-03,-321.608E-03
-159.000E-03,-85.427E-03
-158.000E-03,+201.005E-03
-157.000E-03,+231.156E-03
-156.000E-03,+80.402E-03
-155.000E-03,-25.126E-03
-154.000E-03,-40.201E-03
-153.000E-03,-140.704E-03
-152.000E-03,-301.508E-03
-151.000E-03,-155.779E-03
-150.000E-03,+140.704E-03
-149.000E-03,+261.307E-03
-148.000E-03,+261.307E-03
-147.000E-03,+20.101E-03
-146.000E-03,-20.101E-03
-145.000E-03,-70.352E-03
-144.000E-03,-301.508E-03
-143.000E-03,-291.457E-03
-142.000E-03,+20.101E-03
-141.000E-03,+206.030E-03
-140.000E-03,+261.307E-03
-139.000E-03,+45.226E-03
-138.000E-03,+40.201E-03
-137.000E-03,-60.302E-03
-136.000E-03,-201.005E-03
-135.000E-03,-331.658E-03
-134.000E-03,-120.603E-03
-133.000E-03,+185.930E-03
-132.000E-03,+241.206E-03
-131.000E-03,+65.327E-03
-130.000E-03,-50.251E-03
-129.000E-03,-30.151E-03
-128.000E-03,-120.603E-03
-127.000E-03,-286.432E-03
-126.000E-03,-160.804E-03
-125.000E-03,+115.578E-03
-124.000E-03,+221.106E-03
-123.000E-03,+175.879E-03
-122.000E-03,-20.101E-03
-121.000E-03,-20.101E-03
-120.000E-03,-60.302E-03
-119.000E-03,-256.281E-03
-118.000E-03,-201.005E-03
-117.000E-03,+85.427E-03
-116.000E-03,+221.106E-03
-115.000E-03,+226.131E-03
-114.000E-03,+10.050E-03
-113.000E-03,+0.0E+00
-112.000E-03,-60.302E-03
-111.000E-03,-221.106E-03
-110.000E-03,-331.658E-03
-109.000E-03,-105.528E-03
-108.000E-03,+201.005E-03
-107.000E-03,+266.332E-03
-106.000E-03,+80.402E-03
-105.000E-03,-55.276E-03
-104.000E-03,-40.201E-03
-103.000E-03,-125.628E-03
-102.000E-03,-321.608E-03
-101.000E-03,-155.779E-03
-100.000E-03,+140.704E-03
-99.000E-03,+276.382E-03
-98.000E-03,+251.256E-03
-97.000E-03,+10.050E-03
-96.000E-03,-0.0E+00
-95.000E-03,-65.327E-03
-94.000E-03,-311.558E-03
-93.000E-03,-266.332E-03
-92.000E-03,+20.101E-03
-91.000E-03,+216.080E-03
-90.000E-03,+271.357E-03
-89.000E-03,+60.302E-03
-88.000E-03,+20.101E-03
-87.000E-03,-40.201E-03
-86.000E-03,-211.055E-03
-85.000E-03,-326.633E-03
-84.000E-03,-140.704E-03
-83.000E-03,+160.804E-03
-82.000E-03,+271.357E-03
-81.000E-03,+85.427E-03
-80.000E-03,-60.302E-03
-79.000E-03,-55.276E-03
-78.000E-03,-120.603E-03
-77.000E-03,-316.583E-03
-76.000E-03,-140.704E-03
-75.000E-03,+105.528E-03
-74.000E-03,+211.055E-03
-73.000E-03,+190.955E-03
-72.000E-03,-40.201E-03
-71.000E-03,-25.126E-03
-70.000E-03,-40.201E-03
-69.000E-03,-261.307E-03
-68.000E-03,-221.106E-03
-67.000E-03,+45.226E-03
-66.000E-03,+221.106E-03
-65.000E-03,+236.181E-03
-64.000E-03,+0.0E+00
-63.000E-03,+10.050E-03
-62.000E-03,-50.251E-03
-61.000E-03,-251.256E-03
-60.000E-03,-301.508E-03
-59.000E-03,-100.503E-03
-58.000E-03,+221.106E-03
-57.000E-03,+256.281E-03
-56.000E-03,+100.503E-03
-55.000E-03,-45.226E-03
-54.000E-03,-70.352E-03
-53.000E-03,-130.653E-03
-52.000E-03,-341.709E-03
-51.000E-03,-145.729E-03
-50.000E-03,+150.754E-03
-49.000E-03,+256.281E-03
-48.000E-03,+201.005E-03
-47.000E-03,+20.101E-03
-46.000E-03,-20.101E-03
-45.000E-03,-100.503E-03
-44.000E-03,-321.608E-03
-43.000E-03,-266.332E-03
-42.000E-03,+10.050E-03
-41.000E-03,+190.955E-03
-40.000E-03,+261.307E-03
-39.000E-03,+25.126E-03
-38.000E-03,+10.050E-03
-37.000E-03,-70.352E-03
-36.000E-03,-201.005E-03
-35.000E-03,-326.633E-03
-34.000E-03,-90.452E-03
-33.000E-03,+145.729E-03
-32.000E-03,+241.206E-03
-31.000E-03,+95.477E-03
-30.000E-03,-40.201E-03
-29.000E-03,-15.075E-03
-28.000E-03,-100.503E-03
-27.000E-03,-291.457E-03
-26.000E-03,-150.754E-03
-25.000E-03,+120.603E-03
-24.000E-03,+261.307E-03
-23.000E-03,+195.980E-03
-22.000E-03,-20.101E-03
-21.000E-03,-20.101E-03
-20.000E-03,-80.402E-03
-19.000E-03,-266.332E-03
-18.000E-03,-201.005E-03
-17.000E-03,+40.201E-03
-16.000E-03,+221.106E-03
-15.000E-03,+256.281E-03
-14.000E-03,+10.050E-03
-13.000E-03,+0.0E+00
-12.000E-03,-80.402E-03
-11.000E-03,-256.281E-03
-10.000E-03,-331.658E-03
-9.000E-03,-105.528E-03
-8.000E-03,+201.005E-03
-7.000E-03,+266.332E-03
-6.000E-03,+100.503E-03
-5.000E-03,-55.276E-03
-4.000E-03,-40.201E-03
-3.000E-03,-135.678E-03
-2.000E-03,-301.508E-03
-1.000E-03,-125.628E-03
+0.0E+00,+140.704E-03
+1.000E-03,+281.407E-03
+2.000E-03,+231.156E-03
+3.000E-03,-20.101E-03
+4.000E-03,-40.201E-03
+5.000E-03,-90.452E-03
+6.000E-03,-291.457E-03
+7.000E-03,-271.357E-03
+8.000E-03,+40.201E-03
+9.000E-03,+221.106E-03
+10.000E-03,+261.307E-03
+11.000E-03,+10.050E-03
+12.000E-03,+40.201E-03
+13.000E-03,-45.226E-03
+14.000E-03,-201.005E-03
+15.000E-03,-356.784E-03
+16.000E-03,-100.503E-03
+17.000E-03,+165.829E-03
+18.000E-03,+241.206E-03
+19.000E-03,+90.452E-03
+20.000E-03,-40.201E-03
+21.000E-03,+15.075E-03
+22.000E-03,-90.452E-03
+23.000E-03,-311.558E-03
+24.000E-03,-140.704E-03
+25.000E-03,+100.503E-03
+26.000E-03,+231.156E-03
+27.000E-03,+201.005E-03
+28.000E-03,-40.201E-03
+29.000E-03,-35.176E-03
+30.000E-03,-50.251E-03
+31.000E-03,-256.281E-03
+32.000E-03,-221.106E-03
+33.000E-03,+70.352E-03
+34.000E-03,+241.206E-03
+35.000E-03,+241.206E-03
+36.000E-03,+20.101E-03
+37.000E-03,-10.050E-03
+38.000E-03,-60.302E-03
+39.000E-03,-226.131E-03
+40.000E-03,-301.508E-03
+41.000E-03,-75.377E-03
+42.000E-03,+211.055E-03
+43.000E-03,+256.281E-03
+44.000E-03,+80.402E-03
+45.000E-03,-55.276E-03
+46.000E-03,-40.201E-03
+47.000E-03,-115.578E-03
+48.000E-03,-341.709E-03
+49.000E-03,-125.628E-03
+50.000E-03,+150.754E-03
+51.000E-03,
+52.000E-03,
+53.000E-03,
+54.000E-03,
+55.000E-03,
+56.000E-03,
+57.000E-03,
+58.000E-03,
+59.000E-03,
+60.000E-03,
+61.000E-03,
+62.000E-03,
+63.000E-03,
+64.000E-03,
+65.000E-03,
+66.000E-03,
+67.000E-03,
+68.000E-03,
+69.000E-03,
+70.000E-03,
+71.000E-03,
+72.000E-03,
+73.000E-03,
+74.000E-03,
+75.000E-03,
+76.000E-03,
+77.000E-03,
+78.000E-03,
+79.000E-03,
+80.000E-03,
+81.000E-03,
+82.000E-03,
+83.000E-03,
+84.000E-03,
+85.000E-03,
+86.000E-03,
+87.000E-03,
+88.000E-03,
+89.000E-03,
+90.000E-03,
+91.000E-03,
+92.000E-03,
+93.000E-03,
+94.000E-03,
+95.000E-03,
+96.000E-03,
+97.000E-03,
+98.000E-03,
+99.000E-03,
+100.000E-03,
+101.000E-03,
+102.000E-03,
+103.000E-03,
+104.000E-03,
+105.000E-03,
+106.000E-03,
+107.000E-03,
+108.000E-03,
+109.000E-03,
+110.000E-03,
+111.000E-03,
+112.000E-03,
+113.000E-03,
+114.000E-03,
+115.000E-03,
+116.000E-03,
+117.000E-03,
+118.000E-03,
+119.000E-03,
+120.000E-03,
+121.000E-03,
+122.000E-03,
+123.000E-03,
+124.000E-03,
+125.000E-03,
+126.000E-03,
+127.000E-03,
+128.000E-03,
+129.000E-03,
+130.000E-03,
+131.000E-03,
+132.000E-03,
+133.000E-03,
+134.000E-03,
+135.000E-03,
+136.000E-03,
+137.000E-03,
+138.000E-03,
+139.000E-03,
+140.000E-03,
+141.000E-03,
+142.000E-03,
+143.000E-03,
+144.000E-03,
+145.000E-03,
+146.000E-03,
+147.000E-03,
+148.000E-03,
+149.000E-03,
+150.000E-03,
+151.000E-03,
+152.000E-03,
+153.000E-03,
+154.000E-03,
+155.000E-03,
+156.000E-03,
+157.000E-03,
+158.000E-03,
+159.000E-03,
+160.000E-03,
+161.000E-03,
+162.000E-03,
+163.000E-03,
+164.000E-03,
+165.000E-03,
+166.000E-03,
+167.000E-03,
+168.000E-03,
+169.000E-03,
+170.000E-03,
+171.000E-03,
+172.000E-03,
+173.000E-03,
+174.000E-03,
+175.000E-03,
+176.000E-03,
+177.000E-03,
+178.000E-03,
+179.000E-03,
+180.000E-03,
+181.000E-03,
+182.000E-03,
+183.000E-03,
+184.000E-03,
+185.000E-03,
+186.000E-03,
+187.000E-03,
+188.000E-03,
+189.000E-03,
+190.000E-03,
+191.000E-03,
+192.000E-03,
+193.000E-03,
+194.000E-03,
+195.000E-03,
+196.000E-03,
+197.000E-03,
+198.000E-03,
+199.000E-03,
+200.000E-03,
+201.000E-03,
+202.000E-03,
+203.000E-03,
+204.000E-03,
+205.000E-03,
+206.000E-03,
+207.000E-03,
+208.000E-03,
+209.000E-03,
+210.000E-03,
+211.000E-03,
+212.000E-03,
+213.000E-03,
+214.000E-03,
+215.000E-03,
+216.000E-03,
+217.000E-03,
+218.000E-03,
+219.000E-03,
+220.000E-03,
+221.000E-03,
+222.000E-03,
+223.000E-03,
+224.000E-03,
+225.000E-03,
+226.000E-03,
+227.000E-03,
+228.000E-03,
+229.000E-03,
+230.000E-03,
+231.000E-03,
+232.000E-03,
+233.000E-03,
+234.000E-03,
+235.000E-03,
+236.000E-03,
+237.000E-03,
+238.000E-03,
+239.000E-03,
+240.000E-03,
+241.000E-03,
+242.000E-03,
+243.000E-03,
+244.000E-03,
+245.000E-03,
+246.000E-03,
+247.000E-03,
+248.000E-03,
+249.000E-03,
+250.000E-03,
+251.000E-03,
+252.000E-03,
+253.000E-03,
+254.000E-03,
+255.000E-03,
+256.000E-03,
+257.000E-03,
+258.000E-03,
+259.000E-03,
+260.000E-03,
+261.000E-03,
+262.000E-03,
+263.000E-03,
+264.000E-03,
+265.000E-03,
+266.000E-03,
+267.000E-03,
+268.000E-03,
+269.000E-03,
+270.000E-03,
+271.000E-03,
+272.000E-03,
+273.000E-03,
+274.000E-03,
+275.000E-03,
+276.000E-03,
+277.000E-03,
+278.000E-03,
+279.000E-03,
+280.000E-03,
+281.000E-03,
+282.000E-03,
+283.000E-03,
+284.000E-03,
+285.000E-03,
+286.000E-03,
+287.000E-03,
+288.000E-03,
+289.000E-03,
+290.000E-03,
+291.000E-03,
+292.000E-03,
+293.000E-03,
+294.000E-03,
+295.000E-03,
+296.000E-03,
+297.000E-03,
+298.000E-03,
+299.000E-03,
+300.000E-03,
+301.000E-03,
+302.000E-03,
+303.000E-03,
+304.000E-03,
+305.000E-03,
+306.000E-03,
+307.000E-03,
+308.000E-03,
+309.000E-03,
+310.000E-03,
+311.000E-03,
+312.000E-03,
+313.000E-03,
+314.000E-03,
+315.000E-03,
+316.000E-03,
+317.000E-03,
+318.000E-03,
+319.000E-03,
+320.000E-03,
+321.000E-03,
+322.000E-03,
+323.000E-03,
+324.000E-03,
+325.000E-03,
+326.000E-03,
+327.000E-03,
+328.000E-03,
+329.000E-03,
+330.000E-03,
+331.000E-03,
+332.000E-03,
+333.000E-03,
+334.000E-03,
+335.000E-03,
+336.000E-03,
+337.000E-03,
+338.000E-03,
+339.000E-03,
+340.000E-03,
+341.000E-03,
+342.000E-03,
+343.000E-03,
+344.000E-03,
+345.000E-03,
+346.000E-03,
+347.000E-03,
+348.000E-03,
+349.000E-03,
+350.000E-03,
+351.000E-03,
+352.000E-03,
+353.000E-03,
+354.000E-03,
+355.000E-03,
+356.000E-03,
+357.000E-03,
+358.000E-03,
+359.000E-03,
+360.000E-03,
+361.000E-03,
+362.000E-03,
+363.000E-03,
+364.000E-03,
+365.000E-03,
+366.000E-03,
+367.000E-03,
+368.000E-03,
+369.000E-03,
+370.000E-03,
+371.000E-03,
+372.000E-03,
+373.000E-03,
+374.000E-03,
+375.000E-03,
+376.000E-03,
+377.000E-03,
+378.000E-03,
+379.000E-03,
+380.000E-03,
+381.000E-03,
+382.000E-03,
+383.000E-03,
+384.000E-03,
+385.000E-03,
+386.000E-03,
+387.000E-03,
+388.000E-03,
+389.000E-03,
+390.000E-03,
+391.000E-03,
+392.000E-03,
+393.000E-03,
+394.000E-03,
+395.000E-03,
+396.000E-03,
+397.000E-03,
+398.000E-03,
+399.000E-03,
+400.000E-03,
+401.000E-03,
+402.000E-03,
+403.000E-03,
+404.000E-03,
+405.000E-03,
+406.000E-03,
+407.000E-03,
+408.000E-03,
+409.000E-03,
+410.000E-03,
+411.000E-03,
+412.000E-03,
+413.000E-03,
+414.000E-03,
+415.000E-03,
+416.000E-03,
+417.000E-03,
+418.000E-03,
+419.000E-03,
+420.000E-03,
+421.000E-03,
+422.000E-03,
+423.000E-03,
+424.000E-03,
+425.000E-03,
+426.000E-03,
+427.000E-03,
+428.000E-03,
+429.000E-03,
+430.000E-03,
+431.000E-03,
+432.000E-03,
+433.000E-03,
+434.000E-03,
+435.000E-03,
+436.000E-03,
+437.000E-03,
+438.000E-03,
+439.000E-03,
+440.000E-03,
+441.000E-03,
+442.000E-03,
+443.000E-03,
+444.000E-03,
+445.000E-03,
+446.000E-03,
+447.000E-03,
+448.000E-03,
+449.000E-03,
+450.000E-03,
+451.000E-03,
+452.000E-03,
+453.000E-03,
+454.000E-03,
+455.000E-03,
+456.000E-03,
+457.000E-03,
+458.000E-03,
+459.000E-03,
+460.000E-03,
+461.000E-03,
+462.000E-03,
+463.000E-03,
+464.000E-03,
+465.000E-03,
+466.000E-03,
+467.000E-03,
+468.000E-03,
+469.000E-03,
+470.000E-03,
+471.000E-03,
+472.000E-03,
+473.000E-03,
+474.000E-03,
+475.000E-03,
+476.000E-03,
+477.000E-03,
+478.000E-03,
+479.000E-03,
+480.000E-03,
+481.000E-03,
+482.000E-03,
+483.000E-03,
+484.000E-03,
+485.000E-03,
+486.000E-03,
+487.000E-03,
+488.000E-03,
+489.000E-03,
+490.000E-03,
+491.000E-03,
+492.000E-03,
+493.000E-03,
+494.000E-03,
+495.000E-03,
+496.000E-03,
+497.000E-03,
+498.000E-03,
+499.000E-03,
+500.000E-03,
+501.000E-03,
+502.000E-03,
+503.000E-03,
+504.000E-03,
+505.000E-03,
+506.000E-03,
+507.000E-03,
+508.000E-03,
+509.000E-03,
+510.000E-03,
+511.000E-03,
+512.000E-03,
+513.000E-03,
+514.000E-03,
+515.000E-03,
+516.000E-03,
+517.000E-03,
+518.000E-03,
+519.000E-03,
+520.000E-03,
+521.000E-03,
+522.000E-03,
+523.000E-03,
+524.000E-03,
+525.000E-03,
+526.000E-03,
+527.000E-03,
+528.000E-03,
+529.000E-03,
+530.000E-03,
+531.000E-03,
+532.000E-03,
+533.000E-03,
+534.000E-03,
+535.000E-03,
+536.000E-03,
+537.000E-03,
+538.000E-03,
+539.000E-03,
+540.000E-03,
+541.000E-03,
+542.000E-03,
+543.000E-03,
+544.000E-03,
+545.000E-03,
+546.000E-03,
+547.000E-03,
+548.000E-03,
+549.000E-03,
+550.000E-03,
+551.000E-03,
+552.000E-03,
+553.000E-03,
+554.000E-03,
+555.000E-03,
+556.000E-03,
+557.000E-03,
+558.000E-03,
+559.000E-03,
+560.000E-03,
+561.000E-03,
+562.000E-03,
+563.000E-03,
+564.000E-03,
+565.000E-03,
+566.000E-03,
+567.000E-03,
+568.000E-03,
+569.000E-03,
+570.000E-03,
+571.000E-03,
+572.000E-03,
+573.000E-03,
+574.000E-03,
+575.000E-03,
+576.000E-03,
+577.000E-03,
+578.000E-03,
+579.000E-03,
+580.000E-03,
+581.000E-03,
+582.000E-03,
+583.000E-03,
+584.000E-03,
+585.000E-03,
+586.000E-03,
+587.000E-03,
+588.000E-03,
+589.000E-03,
+590.000E-03,
+591.000E-03,
+592.000E-03,
+593.000E-03,
+594.000E-03,
+595.000E-03,
+596.000E-03,
+597.000E-03,
+598.000E-03,
+599.000E-03,
+600.000E-03,
+601.000E-03,
+602.000E-03,
+603.000E-03,
+604.000E-03,
+605.000E-03,
+606.000E-03,
+607.000E-03,
+608.000E-03,
+609.000E-03,
+610.000E-03,
+611.000E-03,
+612.000E-03,
+613.000E-03,
+614.000E-03,
+615.000E-03,
+616.000E-03,
+617.000E-03,
+618.000E-03,
+619.000E-03,
+620.000E-03,
+621.000E-03,
+622.000E-03,
+623.000E-03,
+624.000E-03,
+625.000E-03,
+626.000E-03,
+627.000E-03,
+628.000E-03,
+629.000E-03,
+630.000E-03,
+631.000E-03,
+632.000E-03,
+633.000E-03,
+634.000E-03,
+635.000E-03,
+636.000E-03,
+637.000E-03,
+638.000E-03,
+639.000E-03,
+640.000E-03,
+641.000E-03,
+642.000E-03,
+643.000E-03,
+644.000E-03,
+645.000E-03,
+646.000E-03,
+647.000E-03,
+648.000E-03,
+649.000E-03,
+650.000E-03,
+651.000E-03,
+652.000E-03,
+653.000E-03,
+654.000E-03,
+655.000E-03,
+656.000E-03,
+657.000E-03,
+658.000E-03,
+659.000E-03,
+660.000E-03,
+661.000E-03,
+662.000E-03,
+663.000E-03,
+664.000E-03,
+665.000E-03,
+666.000E-03,
+667.000E-03,
+668.000E-03,
+669.000E-03,
+670.000E-03,
+671.000E-03,
+672.000E-03,
+673.000E-03,
+674.000E-03,
+675.000E-03,
+676.000E-03,
+677.000E-03,
+678.000E-03,
+679.000E-03,
+680.000E-03,
+681.000E-03,
+682.000E-03,
+683.000E-03,
+684.000E-03,
+685.000E-03,
+686.000E-03,
+687.000E-03,
+688.000E-03,
+689.000E-03,
+690.000E-03,
+691.000E-03,
+692.000E-03,
+693.000E-03,
+694.000E-03,
+695.000E-03,
+696.000E-03,
+697.000E-03,
+698.000E-03,
+699.000E-03,
+700.000E-03,
+701.000E-03,
+702.000E-03,
+703.000E-03,
+704.000E-03,
+705.000E-03,
+706.000E-03,
+707.000E-03,
+708.000E-03,
+709.000E-03,
+710.000E-03,
+711.000E-03,
+712.000E-03,
+713.000E-03,
+714.000E-03,
+715.000E-03,
+716.000E-03,
+717.000E-03,
+718.000E-03,
+719.000E-03,
+720.000E-03,
+721.000E-03,
+722.000E-03,
+723.000E-03,
+724.000E-03,
+725.000E-03,
+726.000E-03,
+727.000E-03,
+728.000E-03,
+729.000E-03,
+730.000E-03,
+731.000E-03,
+732.000E-03,
+733.000E-03,
+734.000E-03,
+735.000E-03,
+736.000E-03,
+737.000E-03,
+738.000E-03,
+739.000E-03,
+740.000E-03,
+741.000E-03,
+742.000E-03,
+743.000E-03,
+744.000E-03,
+745.000E-03,
+746.000E-03,
+747.000E-03,
+748.000E-03,
+749.000E-03,
+750.000E-03,
+751.000E-03,
+752.000E-03,
+753.000E-03,
+754.000E-03,
+755.000E-03,
+756.000E-03,
+757.000E-03,
+758.000E-03,
+759.000E-03,
+760.000E-03,
+761.000E-03,
+762.000E-03,
+763.000E-03,
+764.000E-03,
+765.000E-03,
+766.000E-03,
+767.000E-03,
+768.000E-03,
+769.000E-03,
+770.000E-03,
+771.000E-03,
+772.000E-03,
+773.000E-03,
+774.000E-03,
+775.000E-03,
+776.000E-03,
+777.000E-03,
+778.000E-03,
+779.000E-03,
+780.000E-03,
+781.000E-03,
+782.000E-03,
+783.000E-03,
+784.000E-03,
+785.000E-03,
+786.000E-03,
+787.000E-03,
+788.000E-03,
+789.000E-03,
+790.000E-03,
+791.000E-03,
+792.000E-03,
+793.000E-03,
+794.000E-03,
+795.000E-03,
+796.000E-03,
+797.000E-03,
+798.000E-03,
+799.000E-03,
+800.000E-03,
+801.000E-03,
+802.000E-03,
+803.000E-03,
+804.000E-03,
+805.000E-03,
+806.000E-03,
+807.000E-03,
+808.000E-03,
+809.000E-03,
+810.000E-03,
+811.000E-03,
+812.000E-03,
+813.000E-03,
+814.000E-03,
+815.000E-03,
+816.000E-03,
+817.000E-03,
+818.000E-03,
+819.000E-03,
+820.000E-03,
+821.000E-03,
+822.000E-03,
+823.000E-03,
+824.000E-03,
+825.000E-03,
+826.000E-03,
+827.000E-03,
+828.000E-03,
+829.000E-03,
+830.000E-03,
+831.000E-03,
+832.000E-03,
+833.000E-03,
+834.000E-03,
+835.000E-03,
+836.000E-03,
+837.000E-03,
+838.000E-03,
+839.000E-03,
+840.000E-03,
+841.000E-03,
+842.000E-03,
+843.000E-03,
+844.000E-03,
+845.000E-03,
+846.000E-03,
+847.000E-03,
+848.000E-03,
+849.000E-03,
+850.000E-03,
+851.000E-03,
+852.000E-03,
+853.000E-03,
+854.000E-03,
+855.000E-03,
+856.000E-03,
+857.000E-03,
+858.000E-03,
+859.000E-03,
+860.000E-03,
+861.000E-03,
+862.000E-03,
+863.000E-03,
+864.000E-03,
+865.000E-03,
+866.000E-03,
+867.000E-03,
+868.000E-03,
+869.000E-03,
+870.000E-03,
+871.000E-03,
+872.000E-03,
+873.000E-03,
+874.000E-03,
+875.000E-03,
+876.000E-03,
+877.000E-03,
+878.000E-03,
+879.000E-03,
+880.000E-03,
+881.000E-03,
+882.000E-03,
+883.000E-03,
+884.000E-03,
+885.000E-03,
+886.000E-03,
+887.000E-03,
+888.000E-03,
+889.000E-03,
+890.000E-03,
+891.000E-03,
+892.000E-03,
+893.000E-03,
+894.000E-03,
+895.000E-03,
+896.000E-03,
+897.000E-03,
+898.000E-03,
+899.000E-03,
+900.000E-03,
+901.000E-03,
+902.000E-03,
+903.000E-03,
+904.000E-03,
+905.000E-03,
+906.000E-03,
+907.000E-03,
+908.000E-03,
+909.000E-03,
+910.000E-03,
+911.000E-03,
+912.000E-03,
+913.000E-03,
+914.000E-03,
+915.000E-03,
+916.000E-03,
+917.000E-03,
+918.000E-03,
+919.000E-03,
+920.000E-03,
+921.000E-03,
+922.000E-03,
+923.000E-03,
+924.000E-03,
+925.000E-03,
+926.000E-03,
+927.000E-03,
+928.000E-03,
+929.000E-03,
+930.000E-03,
+931.000E-03,
+932.000E-03,
+933.000E-03,
+934.000E-03,
+935.000E-03,
+936.000E-03,
+937.000E-03,
+938.000E-03,
+939.000E-03,
+940.000E-03,
+941.000E-03,
+942.000E-03,
+943.000E-03,
+944.000E-03,
+945.000E-03,
+946.000E-03,
+947.000E-03,
+948.000E-03,
+949.000E-03,
+950.000E-03,
+951.000E-03,
+952.000E-03,
+953.000E-03,
+954.000E-03,
+955.000E-03,
+956.000E-03,
+957.000E-03,
+958.000E-03,
+959.000E-03,
+960.000E-03,
+961.000E-03,
+962.000E-03,
+963.000E-03,
+964.000E-03,
+965.000E-03,
+966.000E-03,
+967.000E-03,
+968.000E-03,
+969.000E-03,
+970.000E-03,
+971.000E-03,
+972.000E-03,
+973.000E-03,
+974.000E-03,
+975.000E-03,
+976.000E-03,
+977.000E-03,
+978.000E-03,
+979.000E-03,
+980.000E-03,
+981.000E-03,
+982.000E-03,
+983.000E-03,
+984.000E-03,
+985.000E-03,
+986.000E-03,
+987.000E-03,
+988.000E-03,
+989.000E-03,
+990.000E-03,
+991.000E-03,
+992.000E-03,
+993.000E-03,
+994.000E-03,
+995.000E-03,
+996.000E-03,
+997.000E-03,
+998.000E-03,
+999.000E-03,
x-axis,FFT
Hertz,decibel
-24.0000E+00,
-23.5000E+00,
-23.0000E+00,
-22.5000E+00,
-22.0000E+00,
-21.5000E+00,
-21.0000E+00,
-20.5000E+00,
-20.0000E+00,
-19.5000E+00,
-19.0000E+00,
-18.5000E+00,
-18.0000E+00,
-17.5000E+00,
-17.0000E+00,
-16.5000E+00,
-16.0000E+00,
-15.5000E+00,
-15.0000E+00,
-14.5000E+00,
-14.0000E+00,
-13.5000E+00,
-13.0000E+00,
-12.5000E+00,
-12.0000E+00,
-11.5000E+00,
-11.0000E+00,
-10.5000E+00,
-10.0000E+00,
-9.5000E+00,
-9.0000E+00,
-8.5000E+00,
-8.0000E+00,
-7.5000E+00,
-7.0000E+00,
-6.5000E+00,
-6.0000E+00,
-5.5000E+00,
-5.0000E+00,
-4.5000E+00,
-4.0000E+00,
-3.5000E+00,
-3.0000E+00,
-2.5000E+00,
-2.0000E+00,
-1.5000E+00,
-1.0000E+00,
-500.0E-03,
+0.0E+00,-63.067627E+00
+500.0E-03,-59.095236E+00
+1.0000E+00,-69.663450E+00
+1.5000E+00,-72.469547E+00
+2.0000E+00,-67.288252E+00
+2.5000E+00,-65.891991E+00
+3.0000E+00,-71.945472E+00
+3.5000E+00,-82.864473E+00
+4.0000E+00,-82.591974E+00
+4.5000E+00,-72.408619E+00
+5.0000E+00,-69.247143E+00
+5.5000E+00,-74.124965E+00
+6.0000E+00,-72.867074E+00
+6.5000E+00,-68.971108E+00
+7.0000E+00,-68.242180E+00
+7.5000E+00,-69.612809E+00
+8.0000E+00,-70.594489E+00
+8.5000E+00,-69.282149E+00
+9.0000E+00,-65.238912E+00
+9.5000E+00,-60.881616E+00
+10.0000E+00,-58.518188E+00
+10.5000E+00,-58.766859E+00
+11.0000E+00,-62.621361E+00
+11.5000E+00,-65.176849E+00
+12.0000E+00,-60.488004E+00
+12.5000E+00,-61.645455E+00
+13.0000E+00,-65.021039E+00
+13.5000E+00,-65.089351E+00
+14.0000E+00,-64.340471E+00
+14.5000E+00,-64.932598E+00
+15.0000E+00,-68.247129E+00
+15.5000E+00,-75.613779E+00
+16.0000E+00,-85.030137E+00
+16.5000E+00,-82.105230E+00
+17.0000E+00,-75.615217E+00
+17.5000E+00,-76.500436E+00
+18.0000E+00,-70.839794E+00
+18.5000E+00,-65.570737E+00
+19.0000E+00,-61.562292E+00
+19.5000E+00,-57.599264E+00
+20.0000E+00,-55.469565E+00
+20.5000E+00,-54.921959E+00
+21.0000E+00,-55.597978E+00
+21.5000E+00,-57.238694E+00
+22.0000E+00,-60.711568E+00
+22.5000E+00,-65.618524E+00
+23.0000E+00,-68.742714E+00
+23.5000E+00,-66.796621E+00
+24.0000E+00,-64.812181E+00
+24.5000E+00,-65.742235E+00
+25.0000E+00,-69.394600E+00
+25.5000E+00,-72.507767E+00
+26.0000E+00,-73.207395E+00
+26.5000E+00,-73.518138E+00
+27.0000E+00,-73.457278E+00
+27.5000E+00,-70.407427E+00
+28.0000E+00,-66.522009E+00
+28.5000E+00,-64.346796E+00
+29.0000E+00,-65.426437E+00
+29.5000E+00,-70.097239E+00
+30.0000E+00,-71.038201E+00
+30.5000E+00,-69.273812E+00
+31.0000E+00,-67.273687E+00
+31.5000E+00,-63.833295E+00
+32.0000E+00,-62.376738E+00
+32.5000E+00,-64.313287E+00
+33.0000E+00,-67.135205E+00
+33.5000E+00,-63.798597E+00
+34.0000E+00,-61.939355E+00
+34.5000E+00,-62.278087E+00
+35.0000E+00,-62.475206E+00
+35.5000E+00,-61.982641E+00
+36.0000E+00,-61.902002E+00
+36.5000E+00,-62.776709E+00
+37.0000E+00,-63.808387E+00
+37.5000E+00,-64.545244E+00
+38.0000E+00,-66.082320E+00
+38.5000E+00,-67.466982E+00
+39.0000E+00,-65.475012E+00
+39.5000E+00,-62.433765E+00
+40.0000E+00,-60.525251E+00
+40.5000E+00,-60.844871E+00
+41.0000E+00,-64.048746E+00
+41.5000E+00,-70.210646E+00
+42.0000E+00,-76.279054E+00
+42.5000E+00,-81.625825E+00
+43.0000E+00,-77.904071E+00
+43.5000E+00,-76.871075E+00
+44.0000E+00,-78.432197E+00
+44.5000E+00,-77.830080E+00
+45.0000E+00,-78.099125E+00
+45.5000E+00,-79.147197E+00
+46.0000E+00,-78.074147E+00
+46.5000E+00,-75.243361E+00
+47.0000E+00,-72.435649E+00
+47.5000E+00,-70.855743E+00
+48.0000E+00,-71.049107E+00
+48.5000E+00,-72.118011E+00
+49.0000E+00,-72.681539E+00
+49.5000E+00,-72.585730E+00
+50.0000E+00,-72.838291E+00
+50.5000E+00,-72.853778E+00
+51.0000E+00,-70.761822E+00
+51.5000E+00,-68.022893E+00
+52.0000E+00,-66.324463E+00
+52.5000E+00,-66.424796E+00
+53.0000E+00,-67.540614E+00
+53.5000E+00,-69.454599E+00
+54.0000E+00,-73.961836E+00
+54.5000E+00,-79.960524E+00
+55.0000E+00,-80.002432E+00
+55.5000E+00,-77.042968E+00
+56.0000E+00,-77.167465E+00
+56.5000E+00,-80.793274E+00
+57.0000E+00,-81.603634E+00
+57.5000E+00,-76.366428E+00
+58.0000E+00,-74.783759E+00
+58.5000E+00,-65.380976E+00
+59.0000E+00,-54.317722E+00
+59.5000E+00,-48.736518E+00
+60.0000E+00,-46.998439E+00
+60.5000E+00,-48.449502E+00
+61.0000E+00,-53.259408E+00
+61.5000E+00,-62.944348E+00
+62.0000E+00,-85.718476E+00
+62.5000E+00,-87.427920E+00
+63.0000E+00,-90.237434E+00
+63.5000E+00,-97.578542E+00
+64.0000E+00,-80.378157E+00
+64.5000E+00,-84.406242E+00
+65.0000E+00,-92.372139E+00
+65.5000E+00,-85.179510E+00
+66.0000E+00,-78.457513E+00
+66.5000E+00,-72.595795E+00
+67.0000E+00,-71.574152E+00
+67.5000E+00,-72.604749E+00
+68.0000E+00,-75.712128E+00
+68.5000E+00,-80.806929E+00
+69.0000E+00,-77.757259E+00
+69.5000E+00,-75.298589E+00
+70.0000E+00,-76.373279E+00
+70.5000E+00,-78.191226E+00
+71.0000E+00,-80.602155E+00
+71.5000E+00,-88.470494E+00
+72.0000E+00,-79.506974E+00
+72.5000E+00,-73.467284E+00
+73.0000E+00,-71.229636E+00
+73.5000E+00,-71.084503E+00
+74.0000E+00,-71.693704E+00
+74.5000E+00,-73.478216E+00
+75.0000E+00,-80.030232E+00
+75.5000E+00,-86.309774E+00
+76.0000E+00,-79.687324E+00
+76.5000E+00,-76.072934E+00
+77.0000E+00,-75.889186E+00
+77.5000E+00,-82.569923E+00
+78.0000E+00,-80.060760E+00
+78.5000E+00,-72.136951E+00
+79.0000E+00,-69.906546E+00
+79.5000E+00,-70.670653E+00
+80.0000E+00,-72.596668E+00
+80.5000E+00,-70.828194E+00
+81.0000E+00,-68.240094E+00
+81.5000E+00,-66.865861E+00
+82.0000E+00,-66.532928E+00
+82.5000E+00,-67.809176E+00
+83.0000E+00,-71.192752E+00
+83.5000E+00,-73.717062E+00
+84.0000E+00,-75.413777E+00
+84.5000E+00,-80.290537E+00
+85.0000E+00,-80.915487E+00
+85.5000E+00,-73.559756E+00
+86.0000E+00,-71.713071E+00
+86.5000E+00,-72.537679E+00
+87.0000E+00,-72.920696E+00
+87.5000E+00,-71.496279E+00
+88.0000E+00,-70.648931E+00
+88.5000E+00,-72.675235E+00
+89.0000E+00,-76.618282E+00
+89.5000E+00,-78.084061E+00
+90.0000E+00,-75.855817E+00
+90.5000E+00,-72.579415E+00
+91.0000E+00,-69.044564E+00
+91.5000E+00,-67.266397E+00
+92.0000E+00,-68.159567E+00
+92.5000E+00,-71.292491E+00
+93.0000E+00,-74.408706E+00
+93.5000E+00,-76.901399E+00
+94.0000E+00,-81.414337E+00
+94.5000E+00,-81.385765E+00
+95.0000E+00,-73.677325E+00
+95.5000E+00,-67.318957E+00
+96.0000E+00,-64.621625E+00
+96.5000E+00,-65.905027E+00
+97.0000E+00,-67.836360E+00
+97.5000E+00,-67.401201E+00
+98.0000E+00,-70.809614E+00
+98.5000E+00,-61.696528E+00
+99.0000E+00,-46.880030E+00
+99.5000E+00,-41.039805E+00
+100.0000E+00,-38.959549E+00
+100.5000E+00,-40.059270E+00
+101.0000E+00,-44.731741E+00
+101.5000E+00,-55.703984E+00
+102.0000E+00,-66.364305E+00
+102.5000E+00,-65.339356E+00
+103.0000E+00,-73.899206E+00
+103.5000E+00,-80.095231E+00
+104.0000E+00,-88.015120E+00
+104.5000E+00,-80.690865E+00
+105.0000E+00,-74.959272E+00
+105.5000E+00,-71.160753E+00
+106.0000E+00,-69.040884E+00
+106.5000E+00,-68.325416E+00
+107.0000E+00,-69.408466E+00
+107.5000E+00,-71.581716E+00
+108.0000E+00,-75.327660E+00
+108.5000E+00,-78.059503E+00
+109.0000E+00,-73.016312E+00
+109.5000E+00,-68.744330E+00
+110.0000E+00,-68.901183E+00
+110.5000E+00,-68.017216E+00
+111.0000E+00,-66.574690E+00
+111.5000E+00,-67.034121E+00
+112.0000E+00,-67.990439E+00
+112.5000E+00,-67.849717E+00
+113.0000E+00,-70.371776E+00
+113.5000E+00,-84.031614E+00
+114.0000E+00,-72.599720E+00
+114.5000E+00,-78.546205E+00
+115.0000E+00,-70.418840E+00
+115.5000E+00,-66.619827E+00
+116.0000E+00,-65.566827E+00
+116.5000E+00,-70.718166E+00
+117.0000E+00,-59.341442E+00
+117.5000E+00,-53.213171E+00
+118.0000E+00,-46.638524E+00
+118.5000E+00,-36.431894E+00
+119.0000E+00,-23.972203E+00
+119.5000E+00,-18.641852E+00
+120.0000E+00,-17.006939E+00
+120.5000E+00,-18.567794E+00
+121.0000E+00,-23.763704E+00
+121.5000E+00,-35.124342E+00
+122.0000E+00,-47.895279E+00
+122.5000E+00,-51.380279E+00
+123.0000E+00,-61.930276E+00
+123.5000E+00,-61.611609E+00
+124.0000E+00,-67.117331E+00
+124.5000E+00,-68.022214E+00
+125.0000E+00,-70.763701E+00
+125.5000E+00,-70.133156E+00
+126.0000E+00,-74.401998E+00
+126.5000E+00,-72.474907E+00
+127.0000E+00,-71.852671E+00
+127.5000E+00,-73.458434E+00
+128.0000E+00,-75.407234E+00
+128.5000E+00,-72.130141E+00
+129.0000E+00,-70.050845E+00
+129.5000E+00,-71.427262E+00
+130.0000E+00,-72.878635E+00
+130.5000E+00,-73.476784E+00
+131.0000E+00,-79.454351E+00
+131.5000E+00,-79.199762E+00
+132.0000E+00,-73.292164E+00
+132.5000E+00,-70.969160E+00
+133.0000E+00,-69.546256E+00
+133.5000E+00,-68.447649E+00
+134.0000E+00,-69.361514E+00
+134.5000E+00,-72.405324E+00
+135.0000E+00,-77.569210E+00
+135.5000E+00,-84.272483E+00
+136.0000E+00,-81.560481E+00
+136.5000E+00,-71.971621E+00
+137.0000E+00,-68.674682E+00
+137.5000E+00,-68.349752E+00
+138.0000E+00,-70.714336E+00
+138.5000E+00,-73.910556E+00
+139.0000E+00,-71.825986E+00
+139.5000E+00,-67.196873E+00
+140.0000E+00,-65.925462E+00
+140.5000E+00,-67.115820E+00
+141.0000E+00,-70.020582E+00
+141.5000E+00,-74.313480E+00
+142.0000E+00,-77.879759E+00
+142.5000E+00,-74.457338E+00
+143.0000E+00,-68.134476E+00
+143.5000E+00,-63.801388E+00
+144.0000E+00,-62.188218E+00
+144.5000E+00,-63.360229E+00
+145.0000E+00,-67.248459E+00
+145.5000E+00,-71.797336E+00
+146.0000E+00,-73.009462E+00
+146.5000E+00,-74.464659E+00
+147.0000E+00,-76.247936E+00
+147.5000E+00,-76.330587E+00
+148.0000E+00,-77.883875E+00
+148.5000E+00,-82.839841E+00
+149.0000E+00,-84.169132E+00
+149.5000E+00,-78.583244E+00
+150.0000E+00,-74.072873E+00
+150.5000E+00,-71.911565E+00
+151.0000E+00,-71.825216E+00
+151.5000E+00,-71.483853E+00
+152.0000E+00,-71.779421E+00
+152.5000E+00,-75.684182E+00
+153.0000E+00,-81.399752E+00
+153.5000E+00,-81.379842E+00
+154.0000E+00,-81.180531E+00
+154.5000E+00,-80.295268E+00
+155.0000E+00,-76.836659E+00
+155.5000E+00,-73.847841E+00
+156.0000E+00,-72.601091E+00
+156.5000E+00,-72.980279E+00
+157.0000E+00,-73.780256E+00
+157.5000E+00,-74.774466E+00
+158.0000E+00,-75.593515E+00
+158.5000E+00,-75.751984E+00
+159.0000E+00,-74.595227E+00
+159.5000E+00,-72.967800E+00
+160.0000E+00,-72.727943E+00
+160.5000E+00,-74.189093E+00
+161.0000E+00,-74.949492E+00
+161.5000E+00,-73.325669E+00
+162.0000E+00,-71.882447E+00
+162.5000E+00,-73.266557E+00
+163.0000E+00,-75.988920E+00
+163.5000E+00,-75.251442E+00
+164.0000E+00,-74.285590E+00
+164.5000E+00,-76.997360E+00
+165.0000E+00,-78.668358E+00
+165.5000E+00,-70.701122E+00
+166.0000E+00,-67.647275E+00
+166.5000E+00,-67.349318E+00
+167.0000E+00,-67.084639E+00
+167.5000E+00,-66.176066E+00
+168.0000E+00,-65.967306E+00
+168.5000E+00,-67.317676E+00
+169.0000E+00,-70.631462E+00
+169.5000E+00,-75.962682E+00
+170.0000E+00,-81.128929E+00
+170.5000E+00,-82.506734E+00
+171.0000E+00,-82.524978E+00
+171.5000E+00,-82.868977E+00
+172.0000E+00,-80.014033E+00
+172.5000E+00,-77.824197E+00
+173.0000E+00,-77.478510E+00
+173.5000E+00,-76.124176E+00
+174.0000E+00,-73.514650E+00
+174.5000E+00,-72.332252E+00
+175.0000E+00,-73.327291E+00
+175.5000E+00,-77.150834E+00
+176.0000E+00,-82.398773E+00
+176.5000E+00,-91.782232E+00
+177.0000E+00,-97.463426E+00
+177.5000E+00,-87.174354E+00
+178.0000E+00,-83.038943E+00
+178.5000E+00,-83.603805E+00
+179.0000E+00,-75.436394E+00
+179.5000E+00,-70.556403E+00
+180.0000E+00,-70.362436E+00
+180.5000E+00,-73.322187E+00
+181.0000E+00,-79.863045E+00
+181.5000E+00,-80.099571E+00
+182.0000E+00,-74.683331E+00
+182.5000E+00,-71.013294E+00
+183.0000E+00,-69.564331E+00
+183.5000E+00,-69.300551E+00
+184.0000E+00,-69.884998E+00
+184.5000E+00,-70.991988E+00
+185.0000E+00,-72.220566E+00
+185.5000E+00,-73.887356E+00
+186.0000E+00,-74.895312E+00
+186.5000E+00,-72.343528E+00
+187.0000E+00,-70.758057E+00
+187.5000E+00,-71.047568E+00
+188.0000E+00,-72.465281E+00
+188.5000E+00,-73.599787E+00
+189.0000E+00,-73.438016E+00
+189.5000E+00,-72.366152E+00
+190.0000E+00,-71.869298E+00
+190.5000E+00,-72.597446E+00
+191.0000E+00,-73.931061E+00
+191.5000E+00,-73.708633E+00
+192.0000E+00,-72.308823E+00
+192.5000E+00,-72.658120E+00
+193.0000E+00,-75.874082E+00
+193.5000E+00,-79.746753E+00
+194.0000E+00,-84.059587E+00
+194.5000E+00,-90.636293E+00
+195.0000E+00,-83.780719E+00
+195.5000E+00,-79.718331E+00
+196.0000E+00,-76.872998E+00
+196.5000E+00,-75.594102E+00
+197.0000E+00,-76.143165E+00
+197.5000E+00,-78.011487E+00
+198.0000E+00,-78.608054E+00
+198.5000E+00,-82.175664E+00
+199.0000E+00,-86.009837E+00
+199.5000E+00,-74.414531E+00
+200.0000E+00,-69.295779E+00
+200.5000E+00,-70.013829E+00
+201.0000E+00,-81.474969E+00
+201.5000E+00,-77.874061E+00
+202.0000E+00,-66.219171E+00
+202.5000E+00,-64.488280E+00
+203.0000E+00,-66.101701E+00
+203.5000E+00,-70.347862E+00
+204.0000E+00,-78.023688E+00
+204.5000E+00,-80.716391E+00
+205.0000E+00,-72.103053E+00
+205.5000E+00,-68.372309E+00
+206.0000E+00,-68.225878E+00
+206.5000E+00,-70.754466E+00
+207.0000E+00,-73.654845E+00
+207.5000E+00,-71.265951E+00
+208.0000E+00,-70.284456E+00
+208.5000E+00,-72.451386E+00
+209.0000E+00,-74.800448E+00
+209.5000E+00,-75.532333E+00
+210.0000E+00,-76.219321E+00
+210.5000E+00,-75.937765E+00
+211.0000E+00,-75.067542E+00
+211.5000E+00,-76.343317E+00
+212.0000E+00,-79.547821E+00
+212.5000E+00,-79.289459E+00
+213.0000E+00,-77.531603E+00
+213.5000E+00,-76.008394E+00
+214.0000E+00,-74.676034E+00
+214.5000E+00,-71.407863E+00
+215.0000E+00,-67.185815E+00
+215.5000E+00,-64.720223E+00
+216.0000E+00,-64.944396E+00
+216.5000E+00,-68.043313E+00
+217.0000E+00,-73.989847E+00
+217.5000E+00,-78.263652E+00
+218.0000E+00,-73.444097E+00
+218.5000E+00,-68.612113E+00
+219.0000E+00,-66.240459E+00
+219.5000E+00,-65.193144E+00
+220.0000E+00,-64.859162E+00
+220.5000E+00,-65.925702E+00
+221.0000E+00,-69.818855E+00
+221.5000E+00,-79.108457E+00
+222.0000E+00,-78.293016E+00
+222.5000E+00,-71.135142E+00
+223.0000E+00,-69.699616E+00
+223.5000E+00,-71.552471E+00
+224.0000E+00,-77.894521E+00
+224.5000E+00,-83.056809E+00
+225.0000E+00,-78.309998E+00
+225.5000E+00,-73.591389E+00
+226.0000E+00,-71.156688E+00
+226.5000E+00,-70.648918E+00
+227.0000E+00,-72.428307E+00
+227.5000E+00,-75.360386E+00
+228.0000E+00,-76.403169E+00
+228.5000E+00,-70.968953E+00
+229.0000E+00,-65.768178E+00
+229.5000E+00,-63.883274E+00
+230.0000E+00,-65.009034E+00
+230.5000E+00,-68.154807E+00
+231.0000E+00,-73.500238E+00
+231.5000E+00,-79.452138E+00
+232.0000E+00,-81.389054E+00
+232.5000E+00,-81.831899E+00
+233.0000E+00,-82.658604E+00
+233.5000E+00,-79.406119E+00
+234.0000E+00,-76.836350E+00
+234.5000E+00,-72.121567E+00
+235.0000E+00,-70.724864E+00
+235.5000E+00,-76.612200E+00
+236.0000E+00,-76.082207E+00
+236.5000E+00,-68.675878E+00
+237.0000E+00,-70.427467E+00
+237.5000E+00,-56.955455E+00
+238.0000E+00,-54.100815E+00
+238.5000E+00,-41.962072E+00
+239.0000E+00,-30.334167E+00
+239.5000E+00,-25.051462E+00
+240.0000E+00,-23.439567E+00
+240.5000E+00,-25.034777E+00
+241.0000E+00,-30.350897E+00
+241.5000E+00,-42.987328E+00
+242.0000E+00,-53.384207E+00
+242.5000E+00,-60.295101E+00
+243.0000E+00,-64.542101E+00
+243.5000E+00,-68.249536E+00
+244.0000E+00,-74.062447E+00
+244.5000E+00,-74.254927E+00
+245.0000E+00,-69.531253E+00
+245.5000E+00,-71.607741E+00
+246.0000E+00,-76.588069E+00
+246.5000E+00,-75.590968E+00
+247.0000E+00,-72.321844E+00
+247.5000E+00,-71.613747E+00
+248.0000E+00,-72.265499E+00
+248.5000E+00,-71.397381E+00
+249.0000E+00,-68.407953E+00
+249.5000E+00,-66.432003E+00
+250.0000E+00,-65.525615E+00
+250.5000E+00,-66.696502E+00
+251.0000E+00,-72.325722E+00
+251.5000E+00,-74.105431E+00
+252.0000E+00,-68.045204E+00
+252.5000E+00,-67.354001E+00
+253.0000E+00,-69.691579E+00
+253.5000E+00,-72.100994E+00
+254.0000E+00,-71.738361E+00
+254.5000E+00,-70.373068E+00
+255.0000E+00,-70.240524E+00
+255.5000E+00,-71.933304E+00
+256.0000E+00,-75.122794E+00
+256.5000E+00,-79.770254E+00
+257.0000E+00,-79.150101E+00
+257.5000E+00,-73.421469E+00
+258.0000E+00,-70.369820E+00
+258.5000E+00,-70.331887E+00
+259.0000E+00,-71.338037E+00
+259.5000E+00,-70.585582E+00
+260.0000E+00,-68.694969E+00
+260.5000E+00,-67.428449E+00
+261.0000E+00,-67.102891E+00
+261.5000E+00,-68.370440E+00
+262.0000E+00,-72.363119E+00
+262.5000E+00,-81.422689E+00
+263.0000E+00,-88.747571E+00
+263.5000E+00,-91.125288E+00
+264.0000E+00,-81.433478E+00
+264.5000E+00,-71.910595E+00
+265.0000E+00,-68.797061E+00
+265.5000E+00,-68.962399E+00
+266.0000E+00,-72.314209E+00
+266.5000E+00,-76.817972E+00
+267.0000E+00,-78.069189E+00
+267.5000E+00,-81.696634E+00
+268.0000E+00,-78.509028E+00
+268.5000E+00,-74.563988E+00
+269.0000E+00,-74.399529E+00
+269.5000E+00,-75.365973E+00
+270.0000E+00,-76.277029E+00
+270.5000E+00,-77.980784E+00
+271.0000E+00,-78.566899E+00
+271.5000E+00,-73.325029E+00
+272.0000E+00,-71.093846E+00
+272.5000E+00,-74.042828E+00
+273.0000E+00,-78.296945E+00
+273.5000E+00,-76.686127E+00
+274.0000E+00,-73.175176E+00
+274.5000E+00,-71.394785E+00
+275.0000E+00,-70.701045E+00
+275.5000E+00,-71.424561E+00
+276.0000E+00,-74.776038E+00
+276.5000E+00,-78.304260E+00
+277.0000E+00,-75.635088E+00
+277.5000E+00,-75.501847E+00
+278.0000E+00,-85.452792E+00
+278.5000E+00,-78.962657E+00
+279.0000E+00,-73.389807E+00
+279.5000E+00,-71.083531E+00
+280.0000E+00,-70.132917E+00
+280.5000E+00,-71.419971E+00
+281.0000E+00,-76.303477E+00
+281.5000E+00,-80.336642E+00
+282.0000E+00,-76.540528E+00
+282.5000E+00,-74.656953E+00
+283.0000E+00,-75.744679E+00
+283.5000E+00,-75.768700E+00
+284.0000E+00,-73.783050E+00
+284.5000E+00,-72.407755E+00
+285.0000E+00,-72.687567E+00
+285.5000E+00,-74.068558E+00
+286.0000E+00,-75.202586E+00
+286.5000E+00,-77.138533E+00
+287.0000E+00,-80.442731E+00
+287.5000E+00,-83.518838E+00
+288.0000E+00,-82.908534E+00
+288.5000E+00,-86.013111E+00
+289.0000E+00,-79.352724E+00
+289.5000E+00,-75.287270E+00
+290.0000E+00,-76.234130E+00
+290.5000E+00,-82.029283E+00
+291.0000E+00,-90.389729E+00
+291.5000E+00,-89.938372E+00
+292.0000E+00,-80.907378E+00
+292.5000E+00,-75.780643E+00
+293.0000E+00,-76.227194E+00
+293.5000E+00,-81.008669E+00
+294.0000E+00,-92.848815E+00
+294.5000E+00,-94.875258E+00
+295.0000E+00,-85.746604E+00
+295.5000E+00,-78.696954E+00
+296.0000E+00,-74.211024E+00
+296.5000E+00,-71.343761E+00
+297.0000E+00,-70.061972E+00
+297.5000E+00,-70.496111E+00
+298.0000E+00,-72.817654E+00
+298.5000E+00,-73.074933E+00
+299.0000E+00,-66.349504E+00
+299.5000E+00,-61.836269E+00
+300.0000E+00,-60.470201E+00
+300.5000E+00,-61.998888E+00
+301.0000E+00,-66.230690E+00
+301.5000E+00,-71.519409E+00
+302.0000E+00,-74.231096E+00
+302.5000E+00,-74.011790E+00
+303.0000E+00,-73.693428E+00
+303.5000E+00,-74.437852E+00
+304.0000E+00,-75.845423E+00
+304.5000E+00,-78.424921E+00
+305.0000E+00,-82.342929E+00
+305.5000E+00,-86.120049E+00
+306.0000E+00,-89.038668E+00
+306.5000E+00,-94.842056E+00
+307.0000E+00,-85.279459E+00
+307.5000E+00,-79.085086E+00
+308.0000E+00,-77.576047E+00
+308.5000E+00,-77.484480E+00
+309.0000E+00,-78.045746E+00
+309.5000E+00,-76.612025E+00
+310.0000E+00,-74.864873E+00
+310.5000E+00,-74.018462E+00
+311.0000E+00,-74.185785E+00
+311.5000E+00,-74.786563E+00
+312.0000E+00,-76.654874E+00
+312.5000E+00,-80.146924E+00
+313.0000E+00,-80.428441E+00
+313.5000E+00,-76.713318E+00
+314.0000E+00,-74.994660E+00
+314.5000E+00,-76.537395E+00
+315.0000E+00,-94.909162E+00
+315.5000E+00,-86.835691E+00
+316.0000E+00,-72.988852E+00
+316.5000E+00,-70.313441E+00
+317.0000E+00,-70.429121E+00
+317.5000E+00,-72.478166E+00
+318.0000E+00,-75.592601E+00
+318.5000E+00,-76.130976E+00
+319.0000E+00,-75.093248E+00
+319.5000E+00,-75.642301E+00
+320.0000E+00,-76.749101E+00
+320.5000E+00,-78.488746E+00
+321.0000E+00,-80.203831E+00
+321.5000E+00,-76.982771E+00
+322.0000E+00,-71.110808E+00
+322.5000E+00,-68.211061E+00
+323.0000E+00,-67.852766E+00
+323.5000E+00,-69.479718E+00
+324.0000E+00,-72.528883E+00
+324.5000E+00,-75.542004E+00
+325.0000E+00,-76.585760E+00
+325.5000E+00,-75.696869E+00
+326.0000E+00,-75.103774E+00
+326.5000E+00,-76.286011E+00
+327.0000E+00,-78.113841E+00
+327.5000E+00,-79.365300E+00
+328.0000E+00,-80.856610E+00
+328.5000E+00,-81.198997E+00
+329.0000E+00,-79.512317E+00
+329.5000E+00,-80.473094E+00
+330.0000E+00,-83.233006E+00
+330.5000E+00,-76.149301E+00
+331.0000E+00,-72.128145E+00
+331.5000E+00,-71.843631E+00
+332.0000E+00,-73.979655E+00
+332.5000E+00,-75.847424E+00
+333.0000E+00,-74.782377E+00
+333.5000E+00,-72.850161E+00
+334.0000E+00,-72.492354E+00
+334.5000E+00,-73.388897E+00
+335.0000E+00,-74.757693E+00
+335.5000E+00,-75.054784E+00
+336.0000E+00,-74.728964E+00
+336.5000E+00,-75.426798E+00
+337.0000E+00,-73.591969E+00
+337.5000E+00,-70.155385E+00
+338.0000E+00,-68.732344E+00
+338.5000E+00,-69.979271E+00
+339.0000E+00,-74.355546E+00
+339.5000E+00,-77.897070E+00
+340.0000E+00,-72.726275E+00
+340.5000E+00,-69.453665E+00
+341.0000E+00,-67.623427E+00
+341.5000E+00,-67.236630E+00
+342.0000E+00,-68.936090E+00
+342.5000E+00,-72.411586E+00
+343.0000E+00,-75.397611E+00
+343.5000E+00,-77.294676E+00
+344.0000E+00,-78.777262E+00
+344.5000E+00,-78.449596E+00
+345.0000E+00,-78.362950E+00
+345.5000E+00,-80.529142E+00
+346.0000E+00,-81.657534E+00
+346.5000E+00,-81.617716E+00
+347.0000E+00,-86.683577E+00
+347.5000E+00,-83.357462E+00
+348.0000E+00,-77.000171E+00
+348.5000E+00,-73.274140E+00
+349.0000E+00,-69.993463E+00
+349.5000E+00,-67.498376E+00
+350.0000E+00,-66.941881E+00
+350.5000E+00,-68.593161E+00
+351.0000E+00,-73.361106E+00
+351.5000E+00,-81.124861E+00
+352.0000E+00,-77.825218E+00
+352.5000E+00,-73.565974E+00
+353.0000E+00,-72.838485E+00
+353.5000E+00,-72.715002E+00
+354.0000E+00,-72.639092E+00
+354.5000E+00,-74.029150E+00
+355.0000E+00,-76.369343E+00
+355.5000E+00,-78.339647E+00
+356.0000E+00,-79.071194E+00
+356.5000E+00,-74.108779E+00
+357.0000E+00,-71.430031E+00
+357.5000E+00,-69.399295E+00
+358.0000E+00,-69.535304E+00
+358.5000E+00,-55.678979E+00
+359.0000E+00,-44.190906E+00
+359.5000E+00,-38.585252E+00
+360.0000E+00,-36.801071E+00
+360.5000E+00,-38.355452E+00
+361.0000E+00,-43.787491E+00
+361.5000E+00,-55.317910E+00
+362.0000E+00,-69.292434E+00
+362.5000E+00,-66.293846E+00
+363.0000E+00,-72.821242E+00
+363.5000E+00,-73.059219E+00
+364.0000E+00,-71.448854E+00
+364.5000E+00,-72.619737E+00
+365.0000E+00,-77.401611E+00
+365.5000E+00,-83.041010E+00
+366.0000E+00,-82.831641E+00
+366.5000E+00,-78.446121E+00
+367.0000E+00,-76.663521E+00
+367.5000E+00,-79.093675E+00
+368.0000E+00,-80.076677E+00
+368.5000E+00,-77.985742E+00
+369.0000E+00,-76.794063E+00
+369.5000E+00,-79.058004E+00
+370.0000E+00,-85.872196E+00
+370.5000E+00,-88.395769E+00
+371.0000E+00,-84.743224E+00
+371.5000E+00,-80.285095E+00
+372.0000E+00,-76.407324E+00
+372.5000E+00,-76.553072E+00
+373.0000E+00,-78.992746E+00
+373.5000E+00,-76.918255E+00
+374.0000E+00,-72.043000E+00
+374.5000E+00,-69.371218E+00
+375.0000E+00,-68.680693E+00
+375.5000E+00,-69.864654E+00
+376.0000E+00,-72.985784E+00
+376.5000E+00,-78.284068E+00
+377.0000E+00,-85.735889E+00
+377.5000E+00,-90.329231E+00
+378.0000E+00,-94.827937E+00
+378.5000E+00,-87.842035E+00
+379.0000E+00,-82.225166E+00
+379.5000E+00,-84.217310E+00
+380.0000E+00,-98.498793E+00
+380.5000E+00,-102.118165E+00
+381.0000E+00,-88.246812E+00
+381.5000E+00,-78.894232E+00
+382.0000E+00,-75.570343E+00
+382.5000E+00,-75.521061E+00
+383.0000E+00,-76.881314E+00
+383.5000E+00,-78.351323E+00
+384.0000E+00,-79.431549E+00
+384.5000E+00,-79.658596E+00
+385.0000E+00,-79.138296E+00
+385.5000E+00,-80.824501E+00
+386.0000E+00,-83.771246E+00
+386.5000E+00,-82.791050E+00
+387.0000E+00,-78.550450E+00
+387.5000E+00,-75.719092E+00
+388.0000E+00,-74.771787E+00
+388.5000E+00,-74.422744E+00
+389.0000E+00,-74.046661E+00
+389.5000E+00,-74.017766E+00
+390.0000E+00,-75.531668E+00
+390.5000E+00,-78.212464E+00
+391.0000E+00,-81.717972E+00
+391.5000E+00,-86.845603E+00
+392.0000E+00,-83.178325E+00
+392.5000E+00,-77.920646E+00
+393.0000E+00,-77.685164E+00
+393.5000E+00,-81.875368E+00
+394.0000E+00,-86.381129E+00
+394.5000E+00,-84.002403E+00
+395.0000E+00,-80.329179E+00
+395.5000E+00,-78.224702E+00
+396.0000E+00,-77.906814E+00
+396.5000E+00,-77.807113E+00
+397.0000E+00,-76.357233E+00
+397.5000E+00,-75.356424E+00
+398.0000E+00,-75.837653E+00
+398.5000E+00,-76.487718E+00
+399.0000E+00,-78.897429E+00
+399.5000E+00,-84.118033E+00
+400.0000E+00,-75.656986E+00
+400.5000E+00,-71.500089E+00
+401.0000E+00,-72.501939E+00
+401.5000E+00,-74.611255E+00
+402.0000E+00,-74.021646E+00
+402.5000E+00,-75.248508E+00
+403.0000E+00,-78.494727E+00
+403.5000E+00,-81.609611E+00
+404.0000E+00,-82.458081E+00
+404.5000E+00,-81.667251E+00
+405.0000E+00,-79.103439E+00
+405.5000E+00,-75.940540E+00
+406.0000E+00,-74.959459E+00
+406.5000E+00,-76.556416E+00
+407.0000E+00,-79.324819E+00
+407.5000E+00,-79.296748E+00
+408.0000E+00,-76.582071E+00
+408.5000E+00,-74.470961E+00
+409.0000E+00,-73.959609E+00
+409.5000E+00,-74.441586E+00
+410.0000E+00,-74.775964E+00
+410.5000E+00,-74.628569E+00
+411.0000E+00,-74.537464E+00
+411.5000E+00,-75.809950E+00
+412.0000E+00,-80.144530E+00
+412.5000E+00,-87.876025E+00
+413.0000E+00,-86.249782E+00
+413.5000E+00,-82.927949E+00
+414.0000E+00,-82.047175E+00
+414.5000E+00,-82.188097E+00
+415.0000E+00,-81.424340E+00
+415.5000E+00,-80.696126E+00
+416.0000E+00,-82.136901E+00
+416.5000E+00,-91.100668E+00
+417.0000E+00,-91.267236E+00
+417.5000E+00,-80.382411E+00
+418.0000E+00,-75.715744E+00
+418.5000E+00,-69.946038E+00
+419.0000E+00,-63.650319E+00
+419.5000E+00,-59.910989E+00
+420.0000E+00,-59.281719E+00
+420.5000E+00,-62.040257E+00
+421.0000E+00,-69.433886E+00
+421.5000E+00,-77.093297E+00
+422.0000E+00,-73.258544E+00
+422.5000E+00,-72.893918E+00
+423.0000E+00,-73.390305E+00
+423.5000E+00,-74.725962E+00
+424.0000E+00,-76.993890E+00
+424.5000E+00,-77.510740E+00
+425.0000E+00,-74.756619E+00
+425.5000E+00,-72.500570E+00
+426.0000E+00,-71.926619E+00
+426.5000E+00,-73.582353E+00
+427.0000E+00,-77.050543E+00
+427.5000E+00,-78.609043E+00
+428.0000E+00,-79.031097E+00
+428.5000E+00,-82.766080E+00
+429.0000E+00,-94.014866E+00
+429.5000E+00,-96.121387E+00
+430.0000E+00,-86.553946E+00
+430.5000E+00,-80.604710E+00
+431.0000E+00,-79.788750E+00
+431.5000E+00,-82.711230E+00
+432.0000E+00,-83.954564E+00
+432.5000E+00,-83.147839E+00
+433.0000E+00,-86.307397E+00
+433.5000E+00,-89.183300E+00
+434.0000E+00,-94.141613E+00
+434.5000E+00,-90.918319E+00
+435.0000E+00,-85.775949E+00
+435.5000E+00,-87.815455E+00
+436.0000E+00,-94.372453E+00
+436.5000E+00,-93.371954E+00
+437.0000E+00,-83.598572E+00
+437.5000E+00,-80.436201E+00
+438.0000E+00,-80.048603E+00
+438.5000E+00,-83.770065E+00
+439.0000E+00,-90.926799E+00
+439.5000E+00,-92.322065E+00
+440.0000E+00,-93.180849E+00
+440.5000E+00,-87.011318E+00
+441.0000E+00,-81.533011E+00
+441.5000E+00,-77.297130E+00
+442.0000E+00,-73.275261E+00
+442.5000E+00,-69.909209E+00
+443.0000E+00,-67.927688E+00
+443.5000E+00,-67.518365E+00
+444.0000E+00,-68.983041E+00
+444.5000E+00,-72.085036E+00
+445.0000E+00,-73.733637E+00
+445.5000E+00,-71.868796E+00
+446.0000E+00,-71.014226E+00
+446.5000E+00,-72.991705E+00
+447.0000E+00,-80.080090E+00
+447.5000E+00,-87.679396E+00
+448.0000E+00,-87.748304E+00
+448.5000E+00,-86.685591E+00
+449.0000E+00,-86.037661E+00
+449.5000E+00,-84.617649E+00
+450.0000E+00,-81.594346E+00
+450.5000E+00,-79.795091E+00
+451.0000E+00,-80.177656E+00
+451.5000E+00,-81.628719E+00
+452.0000E+00,-81.910478E+00
+452.5000E+00,-80.333584E+00
+453.0000E+00,-77.250866E+00
+453.5000E+00,-75.203818E+00
+454.0000E+00,-76.757543E+00
+454.5000E+00,-83.303764E+00
+455.0000E+00,-82.181519E+00
+455.5000E+00,-74.222600E+00
+456.0000E+00,-72.372508E+00
+456.5000E+00,-72.446215E+00
+457.0000E+00,-73.928312E+00
+457.5000E+00,-79.161913E+00
+458.0000E+00,-84.956863E+00
+458.5000E+00,-82.133727E+00
+459.0000E+00,-78.371086E+00
+459.5000E+00,-80.164786E+00
+460.0000E+00,-84.730875E+00
+460.5000E+00,-103.230227E+00
+461.0000E+00,-89.232555E+00
+461.5000E+00,-78.811398E+00
+462.0000E+00,-76.202548E+00
+462.5000E+00,-77.811865E+00
+463.0000E+00,-89.136935E+00
+463.5000E+00,-81.331163E+00
+464.0000E+00,-75.599053E+00
+464.5000E+00,-74.442015E+00
+465.0000E+00,-74.343261E+00
+465.5000E+00,-73.906348E+00
+466.0000E+00,-72.859989E+00
+466.5000E+00,-71.884427E+00
+467.0000E+00,-71.687372E+00
+467.5000E+00,-72.151563E+00
+468.0000E+00,-72.821870E+00
+468.5000E+00,-73.598432E+00
+469.0000E+00,-75.168444E+00
+469.5000E+00,-77.962291E+00
+470.0000E+00,-80.370742E+00
+470.5000E+00,-84.281153E+00
+471.0000E+00,-91.329298E+00
+471.5000E+00,-89.131589E+00
+472.0000E+00,-89.570295E+00
+472.5000E+00,-88.796938E+00
+473.0000E+00,-87.468822E+00
+473.5000E+00,-84.334284E+00
+474.0000E+00,-80.653981E+00
+474.5000E+00,-79.221858E+00
+475.0000E+00,-78.954646E+00
+475.5000E+00,-77.827040E+00
+476.0000E+00,-76.876401E+00
+476.5000E+00,-76.417314E+00
+477.0000E+00,-72.390264E+00
+477.5000E+00,-67.142587E+00
+478.0000E+00,-69.343071E+00
+478.5000E+00,-64.051733E+00
+479.0000E+00,-49.246892E+00
+479.5000E+00,-43.695556E+00
+480.0000E+00,-42.054982E+00
+480.5000E+00,-43.688789E+00
+481.0000E+00,-49.045837E+00
+481.5000E+00,-61.004452E+00
+482.0000E+00,-68.887354E+00
+482.5000E+00,-71.550328E+00
+483.0000E+00,-73.378873E+00
+483.5000E+00,-72.535579E+00
+484.0000E+00,-73.416881E+00
+484.5000E+00,-75.298805E+00
+485.0000E+00,-78.007664E+00
+485.5000E+00,-76.670306E+00
+486.0000E+00,-75.551085E+00
+486.5000E+00,-78.781311E+00
+487.0000E+00,-81.625805E+00
+487.5000E+00,-80.293635E+00
+488.0000E+00,-82.581321E+00
+488.5000E+00,-83.677321E+00
+489.0000E+00,-81.567629E+00
+489.5000E+00,-80.416145E+00
+490.0000E+00,-79.815235E+00
+490.5000E+00,-79.894095E+00
+491.0000E+00,-79.252926E+00
+491.5000E+00,-76.988607E+00
+492.0000E+00,-76.579978E+00
+492.5000E+00,-78.579519E+00
+493.0000E+00,-78.446040E+00
+493.5000E+00,-76.600485E+00
+494.0000E+00,-74.686661E+00
+494.5000E+00,-73.043622E+00
+495.0000E+00,-72.168448E+00
+495.5000E+00,-73.246875E+00
+496.0000E+00,-76.051350E+00
+496.5000E+00,-78.054424E+00
+497.0000E+00,-76.616846E+00
+497.5000E+00,-73.509965E+00
+498.0000E+00,-72.162873E+00
+498.5000E+00,-73.729954E+00
+499.0000E+00,-80.770513E+00
+499.5000E+00,-82.360274E+00
+500.0000E+00,-76.306299E+00
+500.5000E+00,-74.148444E+00
+501.0000E+00,-75.183709E+00
+501.5000E+00,-77.184495E+00
+502.0000E+00,-77.730713E+00
+502.5000E+00,-75.603544E+00
+503.0000E+00,-72.102467E+00
+503.5000E+00,-69.259868E+00
+504.0000E+00,-67.939608E+00
+504.5000E+00,-68.272873E+00
+505.0000E+00,-69.858440E+00
+505.5000E+00,-71.696942E+00
+506.0000E+00,-73.079254E+00
+506.5000E+00,-73.990338E+00
+507.0000E+00,-73.894566E+00
+507.5000E+00,-73.308709E+00
+508.0000E+00,-73.186656E+00
+508.5000E+00,-75.295477E+00
+509.0000E+00,-80.564012E+00
+509.5000E+00,-82.543960E+00
+510.0000E+00,-77.709067E+00
+510.5000E+00,-73.465411E+00
+511.0000E+00,-72.193070E+00
+511.5000E+00,-74.493995E+00
+512.0000E+00,-80.463955E+00
+512.5000E+00,-79.025334E+00
+513.0000E+00,-77.804620E+00
+513.5000E+00,-83.951811E+00
+514.0000E+00,-80.489018E+00
+514.5000E+00,-75.835601E+00
+515.0000E+00,-76.409098E+00
+515.5000E+00,-79.583642E+00
+516.0000E+00,-82.071639E+00
+516.5000E+00,-81.809876E+00
+517.0000E+00,-79.715157E+00
+517.5000E+00,-79.708268E+00
+518.0000E+00,-82.461072E+00
+518.5000E+00,-87.977612E+00
+519.0000E+00,-94.110972E+00
+519.5000E+00,-94.117170E+00
+520.0000E+00,-87.993405E+00
+520.5000E+00,-83.500728E+00
+521.0000E+00,-81.917589E+00
+521.5000E+00,-81.669784E+00
+522.0000E+00,-82.688151E+00
+522.5000E+00,-83.330373E+00
+523.0000E+00,-82.845146E+00
+523.5000E+00,-83.695524E+00
+524.0000E+00,-97.508592E+00
+524.5000E+00,-82.278177E+00
+525.0000E+00,-76.651479E+00
+525.5000E+00,-77.254445E+00
+526.0000E+00,-79.195388E+00
+526.5000E+00,-76.701553E+00
+527.0000E+00,-76.316999E+00
+527.5000E+00,-80.182547E+00
+528.0000E+00,-84.860079E+00
+528.5000E+00,-85.372659E+00
+529.0000E+00,-91.260016E+00
+529.5000E+00,-92.144603E+00
+530.0000E+00,-82.628838E+00
+530.5000E+00,-81.588480E+00
+531.0000E+00,-83.553449E+00
+531.5000E+00,-84.982308E+00
+532.0000E+00,-83.220695E+00
+532.5000E+00,-79.226033E+00
+533.0000E+00,-75.550246E+00
+533.5000E+00,-73.207285E+00
+534.0000E+00,-72.750264E+00
+534.5000E+00,-75.308459E+00
+535.0000E+00,-83.958873E+00
+535.5000E+00,-96.945685E+00
+536.0000E+00,-92.395934E+00
+536.5000E+00,-86.031319E+00
+537.0000E+00,-84.412402E+00
+537.5000E+00,-87.443252E+00
+538.0000E+00,-86.271237E+00
+538.5000E+00,-74.289312E+00
+539.0000E+00,-65.034596E+00
+539.5000E+00,-60.104228E+00
+540.0000E+00,-58.420821E+00
+540.5000E+00,-59.744401E+00
+541.0000E+00,-64.231544E+00
+541.5000E+00,-71.462966E+00
+542.0000E+00,-76.712484E+00
+542.5000E+00,-79.999427E+00
+543.0000E+00,-81.628811E+00
+543.5000E+00,-80.596014E+00
+544.0000E+00,-78.591406E+00
+544.5000E+00,-78.316632E+00
+545.0000E+00,-82.086386E+00
+545.5000E+00,-85.572922E+00
+546.0000E+00,-84.746786E+00
+546.5000E+00,-84.740786E+00
+547.0000E+00,-80.703311E+00
+547.5000E+00,-80.713982E+00
+548.0000E+00,-83.085531E+00
+548.5000E+00,-84.067507E+00
+549.0000E+00,-81.367749E+00
+549.5000E+00,-78.497369E+00
+550.0000E+00,-79.629330E+00
+550.5000E+00,-82.693024E+00
+551.0000E+00,-80.664180E+00
+551.5000E+00,-76.140544E+00
+552.0000E+00,-74.378778E+00
+552.5000E+00,-75.099250E+00
+553.0000E+00,-80.196586E+00
+553.5000E+00,-85.226997E+00
+554.0000E+00,-80.596858E+00
+554.5000E+00,-80.085735E+00
+555.0000E+00,-84.999239E+00
+555.5000E+00,-79.525146E+00
+556.0000E+00,-76.110239E+00
+556.5000E+00,-78.053566E+00
+557.0000E+00,-85.874346E+00
+557.5000E+00,-95.554052E+00
+558.0000E+00,-90.198160E+00
+558.5000E+00,-82.191249E+00
+559.0000E+00,-81.205324E+00
+559.5000E+00,-82.590246E+00
+560.0000E+00,-80.959004E+00
+560.5000E+00,-76.915824E+00
+561.0000E+00,-75.319342E+00
+561.5000E+00,-75.829561E+00
+562.0000E+00,-77.670832E+00
+562.5000E+00,-79.282334E+00
+563.0000E+00,-78.540715E+00
+563.5000E+00,-77.793405E+00
+564.0000E+00,-80.450241E+00
+564.5000E+00,-96.526741E+00
+565.0000E+00,-86.381351E+00
+565.5000E+00,-79.495056E+00
+566.0000E+00,-76.295611E+00
+566.5000E+00,-75.948093E+00
+567.0000E+00,-80.625246E+00
+567.5000E+00,-91.014203E+00
+568.0000E+00,-77.342523E+00
+568.5000E+00,-74.094468E+00
+569.0000E+00,-74.159963E+00
+569.5000E+00,-75.262297E+00
+570.0000E+00,-75.865296E+00
+570.5000E+00,-76.308861E+00
+571.0000E+00,-75.996422E+00
+571.5000E+00,-75.027945E+00
+572.0000E+00,-74.698824E+00
+572.5000E+00,-74.817152E+00
+573.0000E+00,-73.698228E+00
+573.5000E+00,-71.810863E+00
+574.0000E+00,-70.559636E+00
+574.5000E+00,-71.090251E+00
+575.0000E+00,-73.737354E+00
+575.5000E+00,-78.718097E+00
+576.0000E+00,-84.186572E+00
+576.5000E+00,-83.056019E+00
+577.0000E+00,-81.542841E+00
+577.5000E+00,-85.187200E+00
+578.0000E+00,-86.703005E+00
+578.5000E+00,-81.516597E+00
+579.0000E+00,-85.460852E+00
+579.5000E+00,-90.135985E+00
+580.0000E+00,-80.980175E+00
+580.5000E+00,-80.241877E+00
+581.0000E+00,-86.620879E+00
+581.5000E+00,-88.563634E+00
+582.0000E+00,-82.121305E+00
+582.5000E+00,-79.418992E+00
+583.0000E+00,-78.894273E+00
+583.5000E+00,-80.322162E+00
+584.0000E+00,-85.564337E+00
+584.5000E+00,-86.027168E+00
+585.0000E+00,-79.653539E+00
+585.5000E+00,-76.153911E+00
+586.0000E+00,-76.143895E+00
+586.5000E+00,-79.035834E+00
+587.0000E+00,-82.123172E+00
+587.5000E+00,-79.502842E+00
+588.0000E+00,-81.262360E+00
+588.5000E+00,-92.629795E+00
+589.0000E+00,-76.148457E+00
+589.5000E+00,-71.037451E+00
+590.0000E+00,-70.393557E+00
+590.5000E+00,-72.716467E+00
+591.0000E+00,-78.171788E+00
+591.5000E+00,-89.752000E+00
+592.0000E+00,-91.615955E+00
+592.5000E+00,-83.940421E+00
+593.0000E+00,-81.929898E+00
+593.5000E+00,-81.314783E+00
+594.0000E+00,-83.127933E+00
+594.5000E+00,-83.314457E+00
+595.0000E+00,-81.063936E+00
+595.5000E+00,-80.362941E+00
+596.0000E+00,-80.297519E+00
+596.5000E+00,-85.361203E+00
+597.0000E+00,-81.576963E+00
+597.5000E+00,-70.244414E+00
+598.0000E+00,-70.635112E+00
+598.5000E+00,-56.657360E+00
+599.0000E+00,-45.828829E+00
+599.5000E+00,-40.803561E+00
+600.0000E+00,-39.330646E+00
+600.5000E+00,-41.047076E+00
+601.0000E+00,-46.564878E+00
+601.5000E+00,-61.285617E+00
+602.0000E+00,-70.394240E+00
+602.5000E+00,-70.131181E+00
+603.0000E+00,-73.754066E+00
+603.5000E+00,-73.947149E+00
+604.0000E+00,-75.326191E+00
+604.5000E+00,-76.805499E+00
+605.0000E+00,-78.273907E+00
+605.5000E+00,-83.678949E+00
+606.0000E+00,-88.501438E+00
+606.5000E+00,-85.354150E+00
+607.0000E+00,-82.782994E+00
+607.5000E+00,-86.488619E+00
+608.0000E+00,-92.920137E+00
+608.5000E+00,-86.284257E+00
+609.0000E+00,-84.137624E+00
+609.5000E+00,-79.952496E+00
+610.0000E+00,-74.619403E+00
+610.5000E+00,-71.961683E+00
+611.0000E+00,-72.345879E+00
+611.5000E+00,-75.583913E+00
+612.0000E+00,-79.983361E+00
+612.5000E+00,-81.203158E+00
+613.0000E+00,-79.095740E+00
+613.5000E+00,-77.917563E+00
+614.0000E+00,-79.633918E+00
+614.5000E+00,-83.996356E+00
+615.0000E+00,-93.080243E+00
+615.5000E+00,-89.022240E+00
+616.0000E+00,-81.839800E+00
+616.5000E+00,-76.483030E+00
+617.0000E+00,-74.292366E+00
+617.5000E+00,-75.659804E+00
+618.0000E+00,-81.309428E+00
+618.5000E+00,-85.091839E+00
+619.0000E+00,-79.028955E+00
+619.5000E+00,-76.708644E+00
+620.0000E+00,-77.730596E+00
+620.5000E+00,-80.544951E+00
+621.0000E+00,-82.868097E+00
+621.5000E+00,-84.655883E+00
+622.0000E+00,-88.906304E+00
+622.5000E+00,-87.966411E+00
+623.0000E+00,-85.323573E+00
+623.5000E+00,-83.414474E+00
+624.0000E+00,-78.557873E+00
+624.5000E+00,-76.788959E+00
+625.0000E+00,-78.268604E+00
+625.5000E+00,-81.944403E+00
+626.0000E+00,-91.546128E+00
+626.5000E+00,-87.592736E+00
+627.0000E+00,-81.475238E+00
+627.5000E+00,-76.753792E+00
+628.0000E+00,-73.817199E+00
+628.5000E+00,-73.111789E+00
+629.0000E+00,-76.073285E+00
+629.5000E+00,-82.799645E+00
+630.0000E+00,-78.351531E+00
+630.5000E+00,-73.482707E+00
+631.0000E+00,-73.275083E+00
+631.5000E+00,-77.653637E+00
+632.0000E+00,-83.160485E+00
+632.5000E+00,-81.962329E+00
+633.0000E+00,-78.956998E+00
+633.5000E+00,-78.697700E+00
+634.0000E+00,-80.225016E+00
+634.5000E+00,-81.637211E+00
+635.0000E+00,-79.614934E+00
+635.5000E+00,-76.976990E+00
+636.0000E+00,-77.545045E+00
+636.5000E+00,-82.160872E+00
+637.0000E+00,-86.842308E+00
+637.5000E+00,-81.283209E+00
+638.0000E+00,-79.934214E+00
+638.5000E+00,-84.177888E+00
+639.0000E+00,-82.518233E+00
+639.5000E+00,-79.202442E+00
+640.0000E+00,-80.987309E+00
+640.5000E+00,-87.983489E+00
+641.0000E+00,-87.359879E+00
+641.5000E+00,-83.799292E+00
+642.0000E+00,-82.408944E+00
+642.5000E+00,-77.207390E+00
+643.0000E+00,-73.429514E+00
+643.5000E+00,-72.663388E+00
+644.0000E+00,-73.592373E+00
+644.5000E+00,-74.424492E+00
+645.0000E+00,-74.166076E+00
+645.5000E+00,-73.311744E+00
+646.0000E+00,-72.542010E+00
+646.5000E+00,-72.389490E+00
+647.0000E+00,-74.044926E+00
+647.5000E+00,-77.995945E+00
+648.0000E+00,-84.000730E+00
+648.5000E+00,-84.618521E+00
+649.0000E+00,-79.919472E+00
+649.5000E+00,-77.145801E+00
+650.0000E+00,-75.055955E+00
+650.5000E+00,-73.002440E+00
+651.0000E+00,-72.606528E+00
+651.5000E+00,-75.107870E+00
+652.0000E+00,-77.747777E+00
+652.5000E+00,-76.543350E+00
+653.0000E+00,-75.309006E+00
+653.5000E+00,-75.352880E+00
+654.0000E+00,-75.390667E+00
+654.5000E+00,-74.697044E+00
+655.0000E+00,-73.324384E+00
+655.5000E+00,-72.463189E+00
+656.0000E+00,-73.402285E+00
+656.5000E+00,-78.023970E+00
+657.0000E+00,-80.956984E+00
+657.5000E+00,-77.354092E+00
+658.0000E+00,-76.857057E+00
+658.5000E+00,-75.360187E+00
+659.0000E+00,-70.590385E+00
+659.5000E+00,-67.448523E+00
+660.0000E+00,-66.456063E+00
+660.5000E+00,-68.018173E+00
+661.0000E+00,-72.238338E+00
+661.5000E+00,-78.043090E+00
+662.0000E+00,-80.401717E+00
+662.5000E+00,-77.034162E+00
+663.0000E+00,-75.122140E+00
+663.5000E+00,-75.889456E+00
+664.0000E+00,-78.905289E+00
+664.5000E+00,-83.068504E+00
+665.0000E+00,-82.837774E+00
+665.5000E+00,-78.622847E+00
+666.0000E+00,-75.871815E+00
+666.5000E+00,-75.382757E+00
+667.0000E+00,-75.749439E+00
+667.5000E+00,-76.537108E+00
+668.0000E+00,-77.483096E+00
+668.5000E+00,-77.821748E+00
+669.0000E+00,-76.946885E+00
+669.5000E+00,-76.915595E+00
+670.0000E+00,-78.081286E+00
+670.5000E+00,-79.993155E+00
+671.0000E+00,-79.514829E+00
+671.5000E+00,-75.389649E+00
+672.0000E+00,-74.453940E+00
+672.5000E+00,-76.979113E+00
+673.0000E+00,-80.197886E+00
+673.5000E+00,-78.314410E+00
+674.0000E+00,-74.162002E+00
+674.5000E+00,-73.335847E+00
+675.0000E+00,-75.333631E+00
+675.5000E+00,-80.137823E+00
+676.0000E+00,-79.862932E+00
+676.5000E+00,-74.993354E+00
+677.0000E+00,-71.163453E+00
+677.5000E+00,-69.295075E+00
+678.0000E+00,-68.785020E+00
+678.5000E+00,-69.642463E+00
+679.0000E+00,-72.744659E+00
+679.5000E+00,-78.844980E+00
+680.0000E+00,-87.092082E+00
+680.5000E+00,-85.054744E+00
+681.0000E+00,-82.370484E+00
+681.5000E+00,-81.691272E+00
+682.0000E+00,-82.886527E+00
+682.5000E+00,-85.402193E+00
+683.0000E+00,-82.809155E+00
+683.5000E+00,-76.944151E+00
+684.0000E+00,-74.718837E+00
+684.5000E+00,-75.197396E+00
+685.0000E+00,-77.172421E+00
+685.5000E+00,-79.217296E+00
+686.0000E+00,-80.670713E+00
+686.5000E+00,-81.038325E+00
+687.0000E+00,-79.047635E+00
+687.5000E+00,-77.974893E+00
+688.0000E+00,-80.185130E+00
+688.5000E+00,-89.091997E+00
+689.0000E+00,-90.401826E+00
+689.5000E+00,-82.241239E+00
+690.0000E+00,-78.305758E+00
+690.5000E+00,-75.782591E+00
+691.0000E+00,-73.539634E+00
+691.5000E+00,-73.196942E+00
+692.0000E+00,-76.225353E+00
+692.5000E+00,-82.703521E+00
+693.0000E+00,-82.994701E+00
+693.5000E+00,-77.604183E+00
+694.0000E+00,-77.388769E+00
+694.5000E+00,-81.921779E+00
+695.0000E+00,-85.413239E+00
+695.5000E+00,-80.267640E+00
+696.0000E+00,-75.687566E+00
+696.5000E+00,-74.708379E+00
+697.0000E+00,-74.440977E+00
+697.5000E+00,-74.597780E+00
+698.0000E+00,-76.811065E+00
+698.5000E+00,-82.246287E+00
+699.0000E+00,-90.049261E+00
+699.5000E+00,-79.687482E+00
+700.0000E+00,-74.518686E+00
+700.5000E+00,-74.430181E+00
+701.0000E+00,-77.007101E+00
+701.5000E+00,-75.437932E+00
+702.0000E+00,-71.951672E+00
+702.5000E+00,-71.421289E+00
+703.0000E+00,-72.913213E+00
+703.5000E+00,-74.993911E+00
+704.0000E+00,-76.809547E+00
+704.5000E+00,-80.075567E+00
+705.0000E+00,-86.480568E+00
+705.5000E+00,-84.146782E+00
+706.0000E+00,-77.060809E+00
+706.5000E+00,-75.911683E+00
+707.0000E+00,-77.219879E+00
+707.5000E+00,-75.812443E+00
+708.0000E+00,-73.790499E+00
+708.5000E+00,-72.908425E+00
+709.0000E+00,-72.939425E+00
+709.5000E+00,-74.049108E+00
+710.0000E+00,-78.133530E+00
+710.5000E+00,-83.525326E+00
+711.0000E+00,-76.730522E+00
+711.5000E+00,-74.288172E+00
+712.0000E+00,-74.690663E+00
+712.5000E+00,-76.552061E+00
+713.0000E+00,-77.944474E+00
+713.5000E+00,-77.337129E+00
+714.0000E+00,-75.859236E+00
+714.5000E+00,-73.358493E+00
+715.0000E+00,-70.591906E+00
+715.5000E+00,-69.416288E+00
+716.0000E+00,-70.605120E+00
+716.5000E+00,-74.468655E+00
+717.0000E+00,-80.250456E+00
+717.5000E+00,-81.113801E+00
+718.0000E+00,-83.243526E+00
+718.5000E+00,-78.506670E+00
+719.0000E+00,-67.321046E+00
+719.5000E+00,-61.094782E+00
+720.0000E+00,-59.201507E+00
+720.5000E+00,-60.830354E+00
+721.0000E+00,-67.475884E+00
+721.5000E+00,-84.349277E+00
+722.0000E+00,-73.172422E+00
+722.5000E+00,-71.491054E+00
+723.0000E+00,-72.611542E+00
+723.5000E+00,-74.240720E+00
+724.0000E+00,-76.632974E+00
+724.5000E+00,-80.898432E+00
+725.0000E+00,-87.015279E+00
+725.5000E+00,-91.713432E+00
+726.0000E+00,-89.527521E+00
+726.5000E+00,-87.506820E+00
+727.0000E+00,-89.101927E+00
+727.5000E+00,-86.004918E+00
+728.0000E+00,-81.999512E+00
+728.5000E+00,-80.981635E+00
+729.0000E+00,-81.801838E+00
+729.5000E+00,-82.940566E+00
+730.0000E+00,-81.130439E+00
+730.5000E+00,-77.852856E+00
+731.0000E+00,-74.480108E+00
+731.5000E+00,-73.695741E+00
+732.0000E+00,-75.027693E+00
+732.5000E+00,-78.729693E+00
+733.0000E+00,-83.821721E+00
+733.5000E+00,-84.269043E+00
+734.0000E+00,-79.197596E+00
+734.5000E+00,-77.855809E+00
+735.0000E+00,-79.914125E+00
+735.5000E+00,-80.645046E+00
+736.0000E+00,-77.679001E+00
+736.5000E+00,-75.765466E+00
+737.0000E+00,-74.751578E+00
+737.5000E+00,-73.663490E+00
+738.0000E+00,-73.793413E+00
+738.5000E+00,-76.188612E+00
+739.0000E+00,-80.137651E+00
+739.5000E+00,-84.080388E+00
+740.0000E+00,-80.606396E+00
+740.5000E+00,-74.629681E+00
+741.0000E+00,-72.319188E+00
+741.5000E+00,-74.148098E+00
+742.0000E+00,-80.518255E+00
+742.5000E+00,-91.125979E+00
+743.0000E+00,-75.063225E+00
+743.5000E+00,-71.255454E+00
+744.0000E+00,-71.330139E+00
+744.5000E+00,-73.828630E+00
+745.0000E+00,-76.170036E+00
+745.5000E+00,-78.020698E+00
+746.0000E+00,-82.007325E+00
+746.5000E+00,-82.375191E+00
+747.0000E+00,-79.296917E+00
+747.5000E+00,-80.374822E+00
+748.0000E+00,-85.463617E+00
+748.5000E+00,-85.244376E+00
+749.0000E+00,-83.972233E+00
+749.5000E+00,-87.911611E+00
+750.0000E+00,-98.524365E+00
+750.5000E+00,-87.428606E+00
+751.0000E+00,-79.653801E+00
+751.5000E+00,-73.499142E+00
+752.0000E+00,-69.917561E+00
+752.5000E+00,-69.506009E+00
+753.0000E+00,-72.224018E+00
+753.5000E+00,-77.698646E+00
+754.0000E+00,-83.173875E+00
+754.5000E+00,-85.700583E+00
+755.0000E+00,-83.443931E+00
+755.5000E+00,-81.126183E+00
+756.0000E+00,-81.216269E+00
+756.5000E+00,-78.906939E+00
+757.0000E+00,-74.125933E+00
+757.5000E+00,-71.805918E+00
+758.0000E+00,-72.189385E+00
+758.5000E+00,-74.481908E+00
+759.0000E+00,-76.370191E+00
+759.5000E+00,-76.196308E+00
+760.0000E+00,-75.587579E+00
+760.5000E+00,-75.736413E+00
+761.0000E+00,-76.314310E+00
+761.5000E+00,-75.086474E+00
+762.0000E+00,-73.232456E+00
+762.5000E+00,-72.733068E+00
+763.0000E+00,-74.190148E+00
+763.5000E+00,-77.004944E+00
+764.0000E+00,-79.283447E+00
+764.5000E+00,-78.930583E+00
+765.0000E+00,-77.619277E+00
+765.5000E+00,-76.880501E+00
+766.0000E+00,-78.420288E+00
+766.5000E+00,-89.486661E+00
+767.0000E+00,-89.556364E+00
+767.5000E+00,-76.936199E+00
+768.0000E+00,-74.426990E+00
+768.5000E+00,-76.850748E+00
+769.0000E+00,-91.291897E+00
+769.5000E+00,-81.508762E+00
+770.0000E+00,-73.903239E+00
+770.5000E+00,-73.117369E+00
+771.0000E+00,-75.010826E+00
+771.5000E+00,-78.351524E+00
+772.0000E+00,-82.223990E+00
+772.5000E+00,-82.879641E+00
+773.0000E+00,-79.597942E+00
+773.5000E+00,-76.182846E+00
+774.0000E+00,-75.493051E+00
+774.5000E+00,-77.578853E+00
+775.0000E+00,-80.870928E+00
+775.5000E+00,-83.324834E+00
+776.0000E+00,-83.712235E+00
+776.5000E+00,-80.227919E+00
+777.0000E+00,-78.505155E+00
+777.5000E+00,-84.637689E+00
+778.0000E+00,-83.960904E+00
+778.5000E+00,-74.395144E+00
+779.0000E+00,-68.208702E+00
+779.5000E+00,-65.330428E+00
+780.0000E+00,-64.949304E+00
+780.5000E+00,-67.397375E+00
+781.0000E+00,-74.120659E+00
+781.5000E+00,-81.926796E+00
+782.0000E+00,-80.113990E+00
+782.5000E+00,-81.618463E+00
+783.0000E+00,-80.459307E+00
+783.5000E+00,-82.167796E+00
+784.0000E+00,-80.776133E+00
+784.5000E+00,-74.433567E+00
+785.0000E+00,-72.636446E+00
+785.5000E+00,-73.623028E+00
+786.0000E+00,-73.875706E+00
+786.5000E+00,-71.886866E+00
+787.0000E+00,-71.429110E+00
+787.5000E+00,-73.871346E+00
+788.0000E+00,-79.546729E+00
+788.5000E+00,-85.556789E+00
+789.0000E+00,-87.533102E+00
+789.5000E+00,-84.876592E+00
+790.0000E+00,-80.378670E+00
+790.5000E+00,-77.578268E+00
+791.0000E+00,-78.699664E+00
+791.5000E+00,-82.464399E+00
+792.0000E+00,-77.440126E+00
+792.5000E+00,-73.547063E+00
+793.0000E+00,-72.830784E+00
+793.5000E+00,-74.759844E+00
+794.0000E+00,-77.416986E+00
+794.5000E+00,-79.033791E+00
+795.0000E+00,-79.407576E+00
+795.5000E+00,-78.433178E+00
+796.0000E+00,-77.973085E+00
+796.5000E+00,-78.512855E+00
+797.0000E+00,-78.749472E+00
+797.5000E+00,-77.745704E+00
+798.0000E+00,-76.291409E+00
+798.5000E+00,-75.536222E+00
+799.0000E+00,-75.974835E+00
+799.5000E+00,-78.891071E+00
+800.0000E+00,-80.420494E+00
+800.5000E+00,-75.730007E+00
+801.0000E+00,-72.199244E+00
+801.5000E+00,-71.774852E+00
+802.0000E+00,-73.751004E+00
+802.5000E+00,-78.514107E+00
+803.0000E+00,-80.243060E+00
+803.5000E+00,-74.372221E+00
+804.0000E+00,-71.870220E+00
+804.5000E+00,-71.516105E+00
+805.0000E+00,-72.540065E+00
+805.5000E+00,-73.745564E+00
+806.0000E+00,-74.928704E+00
+806.5000E+00,-76.328004E+00
+807.0000E+00,-77.674819E+00
+807.5000E+00,-77.896854E+00
+808.0000E+00,-77.461328E+00
+808.5000E+00,-77.959000E+00
+809.0000E+00,-79.124000E+00
+809.5000E+00,-80.118172E+00
+810.0000E+00,-81.422336E+00
+810.5000E+00,-84.370684E+00
+811.0000E+00,-85.866620E+00
+811.5000E+00,-85.638284E+00
+812.0000E+00,-87.597146E+00
+812.5000E+00,-85.643193E+00
+813.0000E+00,-81.706037E+00
+813.5000E+00,-78.169796E+00
+814.0000E+00,-76.214624E+00
+814.5000E+00,-76.237469E+00
+815.0000E+00,-78.445968E+00
+815.5000E+00,-81.211316E+00
+816.0000E+00,-84.778308E+00
+816.5000E+00,-83.672873E+00
+817.0000E+00,-77.008107E+00
+817.5000E+00,-74.855202E+00
+818.0000E+00,-76.186722E+00
+818.5000E+00,-79.414390E+00
+819.0000E+00,-80.148217E+00
+819.5000E+00,-77.207582E+00
+820.0000E+00,-74.485924E+00
+820.5000E+00,-73.443848E+00
+821.0000E+00,-73.787070E+00
+821.5000E+00,-77.145204E+00
+822.0000E+00,-79.439799E+00
+822.5000E+00,-74.743897E+00
+823.0000E+00,-73.350165E+00
+823.5000E+00,-75.716743E+00
+824.0000E+00,-79.904433E+00
+824.5000E+00,-79.164971E+00
+825.0000E+00,-74.210826E+00
+825.5000E+00,-70.413689E+00
+826.0000E+00,-68.456664E+00
+826.5000E+00,-68.302286E+00
+827.0000E+00,-69.625359E+00
+827.5000E+00,-71.419904E+00
+828.0000E+00,-72.576505E+00
+828.5000E+00,-72.676493E+00
+829.0000E+00,-72.496701E+00
+829.5000E+00,-72.763437E+00
+830.0000E+00,-73.779367E+00
+830.5000E+00,-75.320839E+00
+831.0000E+00,-76.365625E+00
+831.5000E+00,-75.537262E+00
+832.0000E+00,-74.009414E+00
+832.5000E+00,-74.460022E+00
+833.0000E+00,-76.869131E+00
+833.5000E+00,-80.905710E+00
+834.0000E+00,-85.556819E+00
+834.5000E+00,-87.870380E+00
+835.0000E+00,-89.268204E+00
+835.5000E+00,-76.690389E+00
+836.0000E+00,-72.621171E+00
+836.5000E+00,-73.044163E+00
+837.0000E+00,-75.000868E+00
+837.5000E+00,-76.157174E+00
+838.0000E+00,-77.129751E+00
+838.5000E+00,-69.988426E+00
+839.0000E+00,-57.289706E+00
+839.5000E+00,-51.998171E+00
+840.0000E+00,-50.331736E+00
+840.5000E+00,-51.738372E+00
+841.0000E+00,-56.541982E+00
+841.5000E+00,-66.078677E+00
+842.0000E+00,-75.659177E+00
+842.5000E+00,-77.540505E+00
+843.0000E+00,-72.871699E+00
+843.5000E+00,-71.197351E+00
+844.0000E+00,-72.773433E+00
+844.5000E+00,-75.681983E+00
+845.0000E+00,-80.182754E+00
+845.5000E+00,-88.521827E+00
+846.0000E+00,-89.121343E+00
+846.5000E+00,-80.904232E+00
+847.0000E+00,-78.940510E+00
+847.5000E+00,-79.654666E+00
+848.0000E+00,-81.459920E+00
+848.5000E+00,-79.495215E+00
+849.0000E+00,-74.581886E+00
+849.5000E+00,-72.173062E+00
+850.0000E+00,-71.581053E+00
+850.5000E+00,-71.490492E+00
+851.0000E+00,-71.578562E+00
+851.5000E+00,-72.687152E+00
+852.0000E+00,-75.777629E+00
+852.5000E+00,-80.433711E+00
+853.0000E+00,-81.566214E+00
+853.5000E+00,-79.947141E+00
+854.0000E+00,-81.575498E+00
+854.5000E+00,-82.305042E+00
+855.0000E+00,-76.591048E+00
+855.5000E+00,-75.550726E+00
+856.0000E+00,-79.202579E+00
+856.5000E+00,-86.052652E+00
+857.0000E+00,-83.339233E+00
+857.5000E+00,-80.015608E+00
+858.0000E+00,-82.514311E+00
+858.5000E+00,-86.294197E+00
+859.0000E+00,-83.065352E+00
+859.5000E+00,-77.059416E+00
+860.0000E+00,-74.821658E+00
+860.5000E+00,-75.974429E+00
+861.0000E+00,-81.589093E+00
+861.5000E+00,-79.953542E+00
+862.0000E+00,-75.888013E+00
+862.5000E+00,-76.517205E+00
+863.0000E+00,-84.470531E+00
+863.5000E+00,-81.575579E+00
+864.0000E+00,-78.672596E+00
+864.5000E+00,-80.226895E+00
+865.0000E+00,-83.686140E+00
+865.5000E+00,-84.309934E+00
+866.0000E+00,-79.014373E+00
+866.5000E+00,-74.378251E+00
+867.0000E+00,-73.449451E+00
+867.5000E+00,-76.109696E+00
+868.0000E+00,-79.565454E+00
+868.5000E+00,-79.023818E+00
+869.0000E+00,-79.442916E+00
+869.5000E+00,-82.353922E+00
+870.0000E+00,-79.476182E+00
+870.5000E+00,-74.178465E+00
+871.0000E+00,-73.270786E+00
+871.5000E+00,-76.290909E+00
+872.0000E+00,-80.619739E+00
+872.5000E+00,-81.955448E+00
+873.0000E+00,-81.599280E+00
+873.5000E+00,-76.263288E+00
+874.0000E+00,-72.137099E+00
+874.5000E+00,-71.206176E+00
+875.0000E+00,-73.337393E+00
+875.5000E+00,-78.699816E+00
+876.0000E+00,-86.090057E+00
+876.5000E+00,-94.122407E+00
+877.0000E+00,-78.814745E+00
+877.5000E+00,-73.631788E+00
+878.0000E+00,-72.616504E+00
+878.5000E+00,-75.117669E+00
+879.0000E+00,-80.298787E+00
+879.5000E+00,-81.788366E+00
+880.0000E+00,-79.355815E+00
+880.5000E+00,-81.170019E+00
+881.0000E+00,-83.483335E+00
+881.5000E+00,-80.584534E+00
+882.0000E+00,-77.625904E+00
+882.5000E+00,-76.896330E+00
+883.0000E+00,-76.093857E+00
+883.5000E+00,-75.689583E+00
+884.0000E+00,-73.948515E+00
+884.5000E+00,-71.553661E+00
+885.0000E+00,-70.656269E+00
+885.5000E+00,-71.969874E+00
+886.0000E+00,-74.665852E+00
+886.5000E+00,-77.355818E+00
+887.0000E+00,-77.695705E+00
+887.5000E+00,-76.116893E+00
+888.0000E+00,-74.345054E+00
+888.5000E+00,-73.074581E+00
+889.0000E+00,-72.402317E+00
+889.5000E+00,-72.742754E+00
+890.0000E+00,-73.864223E+00
+890.5000E+00,-74.896654E+00
+891.0000E+00,-74.794067E+00
+891.5000E+00,-72.915833E+00
+892.0000E+00,-70.975431E+00
+892.5000E+00,-70.554279E+00
+893.0000E+00,-71.883444E+00
+893.5000E+00,-75.015726E+00
+894.0000E+00,-77.951171E+00
+894.5000E+00,-77.545680E+00
+895.0000E+00,-76.442736E+00
+895.5000E+00,-76.929724E+00
+896.0000E+00,-76.974730E+00
+896.5000E+00,-76.550957E+00
+897.0000E+00,-78.004215E+00
+897.5000E+00,-82.447989E+00
+898.0000E+00,-82.946020E+00
+898.5000E+00,-71.928629E+00
+899.0000E+00,-66.279696E+00
+899.5000E+00,-63.673768E+00
+900.0000E+00,-63.661139E+00
+900.5000E+00,-66.565659E+00
+901.0000E+00,-71.875370E+00
+901.5000E+00,-73.571901E+00
+902.0000E+00,-72.548110E+00
+902.5000E+00,-73.770965E+00
+903.0000E+00,-75.208894E+00
+903.5000E+00,-75.834414E+00
+904.0000E+00,-77.998947E+00
+904.5000E+00,-87.088636E+00
+905.0000E+00,-84.833787E+00
+905.5000E+00,-78.143006E+00
+906.0000E+00,-76.556271E+00
+906.5000E+00,-79.502602E+00
+907.0000E+00,-86.271608E+00
+907.5000E+00,-82.298744E+00
+908.0000E+00,-76.321219E+00
+908.5000E+00,-73.733733E+00
+909.0000E+00,-72.749160E+00
+909.5000E+00,-72.947277E+00
+910.0000E+00,-73.736496E+00
+910.5000E+00,-74.670852E+00
+911.0000E+00,-75.169026E+00
+911.5000E+00,-75.077864E+00
+912.0000E+00,-74.944888E+00
+912.5000E+00,-75.388916E+00
+913.0000E+00,-76.860925E+00
+913.5000E+00,-77.841438E+00
+914.0000E+00,-77.080895E+00
+914.5000E+00,-75.924595E+00
+915.0000E+00,-75.923692E+00
+915.5000E+00,-78.171365E+00
+916.0000E+00,-83.797865E+00
+916.5000E+00,-87.573839E+00
+917.0000E+00,-81.769360E+00
+917.5000E+00,-80.368000E+00
+918.0000E+00,-80.297728E+00
+918.5000E+00,-79.853994E+00
+919.0000E+00,-79.786671E+00
+919.5000E+00,-80.296702E+00
+920.0000E+00,-81.862296E+00
+920.5000E+00,-83.784635E+00
+921.0000E+00,-81.930116E+00
+921.5000E+00,-77.590333E+00
+922.0000E+00,-74.492667E+00
+922.5000E+00,-73.139343E+00
+923.0000E+00,-73.186883E+00
+923.5000E+00,-74.839918E+00
+924.0000E+00,-78.887418E+00
+924.5000E+00,-87.923133E+00
+925.0000E+00,-97.783756E+00
+925.5000E+00,-89.234470E+00
+926.0000E+00,-82.755350E+00
+926.5000E+00,-80.693501E+00
+927.0000E+00,-80.705689E+00
+927.5000E+00,-82.831123E+00
+928.0000E+00,-86.687304E+00
+928.5000E+00,-86.804433E+00
+929.0000E+00,-83.835042E+00
+929.5000E+00,-78.684652E+00
+930.0000E+00,-74.849700E+00
+930.5000E+00,-73.455291E+00
+931.0000E+00,-75.911996E+00
+931.5000E+00,-83.668907E+00
+932.0000E+00,-81.581805E+00
+932.5000E+00,-73.878317E+00
+933.0000E+00,-73.277727E+00
+933.5000E+00,-76.515700E+00
+934.0000E+00,-83.550924E+00
+934.5000E+00,-93.147860E+00
+935.0000E+00,-89.383766E+00
+935.5000E+00,-84.192571E+00
+936.0000E+00,-82.833390E+00
+936.5000E+00,-82.762661E+00
+937.0000E+00,-80.919758E+00
+937.5000E+00,-80.047314E+00
+938.0000E+00,-77.110055E+00
+938.5000E+00,-73.359695E+00
+939.0000E+00,-71.439197E+00
+939.5000E+00,-72.008436E+00
+940.0000E+00,-73.758507E+00
+940.5000E+00,-74.793692E+00
+941.0000E+00,-74.059970E+00
+941.5000E+00,-72.848127E+00
+942.0000E+00,-72.547747E+00
+942.5000E+00,-73.942329E+00
+943.0000E+00,-76.877226E+00
+943.5000E+00,-81.588279E+00
+944.0000E+00,-87.160748E+00
+944.5000E+00,-79.534823E+00
+945.0000E+00,-73.118905E+00
+945.5000E+00,-70.622591E+00
+946.0000E+00,-70.175181E+00
+946.5000E+00,-71.571781E+00
+947.0000E+00,-75.088711E+00
+947.5000E+00,-80.902721E+00
+948.0000E+00,-83.811213E+00
+948.5000E+00,-83.036987E+00
+949.0000E+00,-82.109095E+00
+949.5000E+00,-81.646868E+00
+950.0000E+00,-80.232494E+00
+950.5000E+00,-77.179709E+00
+951.0000E+00,-74.267479E+00
+951.5000E+00,-72.699907E+00
+952.0000E+00,-72.905856E+00
+952.5000E+00,-73.346456E+00
+953.0000E+00,-72.672788E+00
+953.5000E+00,-72.210826E+00
+954.0000E+00,-74.428883E+00
+954.5000E+00,-84.000470E+00
+955.0000E+00,-78.459695E+00
+955.5000E+00,-72.914737E+00
+956.0000E+00,-73.058096E+00
+956.5000E+00,-77.817509E+00
+957.0000E+00,-80.870901E+00
+957.5000E+00,-74.175956E+00
+958.0000E+00,-74.706300E+00
+958.5000E+00,-62.724883E+00
+959.0000E+00,-51.147968E+00
+959.5000E+00,-45.857733E+00
+960.0000E+00,-44.216260E+00
+960.5000E+00,-45.799901E+00
+961.0000E+00,-51.037188E+00
+961.5000E+00,-62.150753E+00
+962.0000E+00,-71.412989E+00
+962.5000E+00,-73.803502E+00
+963.0000E+00,-78.658122E+00
+963.5000E+00,-87.600201E+00
+964.0000E+00,-83.426208E+00
+964.5000E+00,-76.387405E+00
+965.0000E+00,-73.903108E+00
+965.5000E+00,-72.676758E+00
+966.0000E+00,-72.675156E+00
+966.5000E+00,-75.230509E+00
+967.0000E+00,-79.946170E+00
+967.5000E+00,-83.370106E+00
+968.0000E+00,-85.890032E+00
+968.5000E+00,-81.388664E+00
+969.0000E+00,-75.678974E+00
+969.5000E+00,-74.583030E+00
+970.0000E+00,-77.742336E+00
+970.5000E+00,-81.762969E+00
+971.0000E+00,-81.597205E+00
+971.5000E+00,-79.141910E+00
+972.0000E+00,-75.706031E+00
+972.5000E+00,-76.328382E+00
+973.0000E+00,-78.604526E+00
+973.5000E+00,-75.270588E+00
+974.0000E+00,-70.930602E+00
+974.5000E+00,-70.390831E+00
+975.0000E+00,-72.810494E+00
+975.5000E+00,-78.300392E+00
